CREATE DATABASE  IF NOT EXISTS `financial_data` /*!40100 DEFAULT CHARACTER SET utf8mb4 COLLATE utf8mb4_0900_ai_ci */ /*!80016 DEFAULT ENCRYPTION='N' */;
USE `financial_data`;
-- MySQL dump 10.13  Distrib 8.0.27, for macos11 (x86_64)
--
-- Host: localhost    Database: financial_data
-- ------------------------------------------------------
-- Server version	8.0.30

/*!40101 SET @OLD_CHARACTER_SET_CLIENT=@@CHARACTER_SET_CLIENT */;
/*!40101 SET @OLD_CHARACTER_SET_RESULTS=@@CHARACTER_SET_RESULTS */;
/*!40101 SET @OLD_COLLATION_CONNECTION=@@COLLATION_CONNECTION */;
/*!50503 SET NAMES utf8 */;
/*!40103 SET @OLD_TIME_ZONE=@@TIME_ZONE */;
/*!40103 SET TIME_ZONE='+00:00' */;
/*!40014 SET @OLD_UNIQUE_CHECKS=@@UNIQUE_CHECKS, UNIQUE_CHECKS=0 */;
/*!40014 SET @OLD_FOREIGN_KEY_CHECKS=@@FOREIGN_KEY_CHECKS, FOREIGN_KEY_CHECKS=0 */;
/*!40101 SET @OLD_SQL_MODE=@@SQL_MODE, SQL_MODE='NO_AUTO_VALUE_ON_ZERO' */;
/*!40111 SET @OLD_SQL_NOTES=@@SQL_NOTES, SQL_NOTES=0 */;

--
-- Table structure for table `country`
--

DROP TABLE IF EXISTS `country`;
/*!40101 SET @saved_cs_client     = @@character_set_client */;
/*!50503 SET character_set_client = utf8mb4 */;
CREATE TABLE `country` (
  `country_id` int unsigned NOT NULL AUTO_INCREMENT,
  `name` varchar(255) DEFAULT NULL,
  `code` varchar(20) DEFAULT NULL,
  `iso_code` varchar(20) DEFAULT NULL,
  `status` varchar(3) NOT NULL DEFAULT 'ACT',
  PRIMARY KEY (`country_id`)
) ENGINE=InnoDB AUTO_INCREMENT=241 DEFAULT CHARSET=utf8mb4 COLLATE=utf8mb4_0900_ai_ci;
/*!40101 SET character_set_client = @saved_cs_client */;

--
-- Dumping data for table `country`
--

LOCK TABLES `country` WRITE;
/*!40000 ALTER TABLE `country` DISABLE KEYS */;
INSERT INTO `country` VALUES (1,'Afghanistan','93','AF / AFG','ACT'),(2,'Albania','355','AL / ALB','ACT'),(3,'Algeria','213','DZ / DZA','ACT'),(4,'American Samoa','1-684','AS / ASM','ACT'),(5,'Andorra','376','AD / AND','ACT'),(6,'Angola','244','AO / AGO','ACT'),(7,'Anguilla','1-264','AI / AIA','ACT'),(8,'Antarctica','672','AQ / ATA','ACT'),(9,'Antigua and Barbuda','1-268','AG / ATG','ACT'),(10,'Argentina','54','AR / ARG','ACT'),(11,'Armenia','374','AM / ARM','ACT'),(12,'Aruba','297','AW / ABW','ACT'),(13,'Australia','61','AU / AUS','ACT'),(14,'Austria','43','AT / AUT','ACT'),(15,'Azerbaijan','994','AZ / AZE','ACT'),(16,'Bahamas','1-242','BS / BHS','ACT'),(17,'Bahrain','973','BH / BHR','ACT'),(18,'Bangladesh','880','BD / BGD','ACT'),(19,'Barbados','1-246','BB / BRB','ACT'),(20,'Belarus','375','BY / BLR','ACT'),(21,'Belgium','32','BE / BEL','ACT'),(22,'Belize','501','BZ / BLZ','ACT'),(23,'Benin','229','BJ / BEN','ACT'),(24,'Bermuda','1-441','BM / BMU','ACT'),(25,'Bhutan','975','BT / BTN','ACT'),(26,'Bolivia','591','BO / BOL','ACT'),(27,'Bosnia and Herzegovina','387','BA / BIH','ACT'),(28,'Botswana','267','BW / BWA','ACT'),(29,'Brazil','55','BR / BRA','ACT'),(30,'British Indian Ocean Territory','246','IO / IOT','ACT'),(31,'British Virgin Islands','1-284','VG / VGB','ACT'),(32,'Brunei','673','BN / BRN','ACT'),(33,'Bulgaria','359','BG / BGR','ACT'),(34,'Burkina Faso','226','BF / BFA','ACT'),(35,'Burundi','257','BI / BDI','ACT'),(36,'Cambodia','855','KH / KHM','ACT'),(37,'Cameroon','237','CM / CMR','ACT'),(38,'Canada','1','CA / CAN','ACT'),(39,'Cape Verde','238','CV / CPV','ACT'),(40,'Cayman Islands','1-345','KY / CYM','ACT'),(41,'Central African Republic','236','CF / CAF','ACT'),(42,'Chad','235','TD / TCD','ACT'),(43,'Chile','56','CL / CHL','ACT'),(44,'China','86','CN / CHN','ACT'),(45,'Christmas Island','61','CX / CXR','ACT'),(46,'Cocos Islands','61','CC / CCK','ACT'),(47,'Colombia','57','CO / COL','ACT'),(48,'Comoros','269','KM / COM','ACT'),(49,'Cook Islands','682','CK / COK','ACT'),(50,'Costa Rica','506','CR / CRI','ACT'),(51,'Croatia','385','HR / HRV','ACT'),(52,'Cuba','53','CU / CUB','ACT'),(53,'Curacao','599','CW / CUW','ACT'),(54,'Cyprus','357','CY / CYP','ACT'),(55,'Czech Republic','420','CZ / CZE','ACT'),(56,'Democratic Republic of the Congo','243','CD / COD','ACT'),(57,'Denmark','45','DK / DNK','ACT'),(58,'Djibouti','253','DJ / DJI','ACT'),(59,'Dominica','1-767','DM / DMA','ACT'),(60,'Dominican Republic','1-809, 1-829, 1-849','DO / DOM','ACT'),(61,'East Timor','670','TL / TLS','ACT'),(62,'Ecuador','593','EC / ECU','ACT'),(63,'Egypt','20','EG / EGY','ACT'),(64,'El Salvador','503','SV / SLV','ACT'),(65,'Equatorial Guinea','240','GQ / GNQ','ACT'),(66,'Eritrea','291','ER / ERI','ACT'),(67,'Estonia','372','EE / EST','ACT'),(68,'Ethiopia','251','ET / ETH','ACT'),(69,'Falkland Islands','500','FK / FLK','ACT'),(70,'Faroe Islands','298','FO / FRO','ACT'),(71,'Fiji','679','FJ / FJI','ACT'),(72,'Finland','358','FI / FIN','ACT'),(73,'France','33','FR / FRA','ACT'),(74,'French Polynesia','689','PF / PYF','ACT'),(75,'Gabon','241','GA / GAB','ACT'),(76,'Gambia','220','GM / GMB','ACT'),(77,'Georgia','995','GE / GEO','ACT'),(78,'Germany','49','DE / DEU','ACT'),(79,'Ghana','233','GH / GHA','ACT'),(80,'Gibraltar','350','GI / GIB','ACT'),(81,'Greece','30','GR / GRC','ACT'),(82,'Greenland','299','GL / GRL','ACT'),(83,'Grenada','1-473','GD / GRD','ACT'),(84,'Guam','1-671','GU / GUM','ACT'),(85,'Guatemala','502','GT / GTM','ACT'),(86,'Guernsey','44-1481','GG / GGY','ACT'),(87,'Guinea','224','GN / GIN','ACT'),(88,'Guinea-Bissau','245','GW / GNB','ACT'),(89,'Guyana','592','GY / GUY','ACT'),(90,'Haiti','509','HT / HTI','ACT'),(91,'Honduras','504','HN / HND','ACT'),(92,'Hong Kong','852','HK / HKG','ACT'),(93,'Hungary','36','HU / HUN','ACT'),(94,'Iceland','354','IS / ISL','ACT'),(95,'India','91','IN / IND','ACT'),(96,'Indonesia','62','ID / IDN','ACT'),(97,'Iran','98','IR / IRN','ACT'),(98,'Iraq','964','IQ / IRQ','ACT'),(99,'Ireland','353','IE / IRL','ACT'),(100,'Isle of Man','44-1624','IM / IMN','ACT'),(101,'Israel','972','IL / ISR','ACT'),(102,'Italy','39','IT / ITA','ACT'),(103,'Ivory Coast','225','CI / CIV','ACT'),(104,'Jamaica','1-876','JM / JAM','ACT'),(105,'Japan','81','JP / JPN','ACT'),(106,'Jersey','44-1534','JE / JEY','ACT'),(107,'Jordan','962','JO / JOR','ACT'),(108,'Kazakhstan','7','KZ / KAZ','ACT'),(109,'Kenya','254','KE / KEN','ACT'),(110,'Kiribati','686','KI / KIR','ACT'),(111,'Kosovo','383','XK / XKX','ACT'),(112,'Kuwait','965','KW / KWT','ACT'),(113,'Kyrgyzstan','996','KG / KGZ','ACT'),(114,'Laos','856','LA / LAO','ACT'),(115,'Latvia','371','LV / LVA','ACT'),(116,'Lebanon','961','LB / LBN','ACT'),(117,'Lesotho','266','LS / LSO','ACT'),(118,'Liberia','231','LR / LBR','ACT'),(119,'Libya','218','LY / LBY','ACT'),(120,'Liechtenstein','423','LI / LIE','ACT'),(121,'Lithuania','370','LT / LTU','ACT'),(122,'Luxembourg','352','LU / LUX','ACT'),(123,'Macau','853','MO / MAC','ACT'),(124,'Macedonia','389','MK / MKD','ACT'),(125,'Madagascar','261','MG / MDG','ACT'),(126,'Malawi','265','MW / MWI','ACT'),(127,'Malaysia','60','MY / MYS','ACT'),(128,'Maldives','960','MV / MDV','ACT'),(129,'Mali','223','ML / MLI','ACT'),(130,'Malta','356','MT / MLT','ACT'),(131,'Marshall Islands','692','MH / MHL','ACT'),(132,'Mauritania','222','MR / MRT','ACT'),(133,'Mauritius','230','MU / MUS','ACT'),(134,'Mayotte','262','YT / MYT','ACT'),(135,'Mexico','52','MX / MEX','ACT'),(136,'Micronesia','691','FM / FSM','ACT'),(137,'Moldova','373','MD / MDA','ACT'),(138,'Monaco','377','MC / MCO','ACT'),(139,'Mongolia','976','MN / MNG','ACT'),(140,'Montenegro','382','ME / MNE','ACT'),(141,'Montserrat','1-664','MS / MSR','ACT'),(142,'Morocco','212','MA / MAR','ACT'),(143,'Mozambique','258','MZ / MOZ','ACT'),(144,'Myanmar','95','MM / MMR','ACT'),(145,'Namibia','264','NA / NAM','ACT'),(146,'Nauru','674','NR / NRU','ACT'),(147,'Nepal','977','NP / NPL','ACT'),(148,'Netherlands','31','NL / NLD','ACT'),(149,'Netherlands Antilles','599','AN / ANT','ACT'),(150,'New Caledonia','687','NC / NCL','ACT'),(151,'New Zealand','64','NZ / NZL','ACT'),(152,'Nicaragua','505','NI / NIC','ACT'),(153,'Niger','227','NE / NER','ACT'),(154,'Nigeria','234','NG / NGA','ACT'),(155,'Niue','683','NU / NIU','ACT'),(156,'North Korea','850','KP / PRK','ACT'),(157,'Northern Mariana Islands','1-670','MP / MNP','ACT'),(158,'Norway','47','NO / NOR','ACT'),(159,'Oman','968','OM / OMN','ACT'),(160,'Pakistan','92','PK / PAK','ACT'),(161,'Palau','680','PW / PLW','ACT'),(162,'Palestine','970','PS / PSE','ACT'),(163,'Panama','507','PA / PAN','ACT'),(164,'Papua New Guinea','675','PG / PNG','ACT'),(165,'Paraguay','595','PY / PRY','ACT'),(166,'Peru','51','PE / PER','ACT'),(167,'Philippines','63','PH / PHL','ACT'),(168,'Pitcairn','64','PN / PCN','ACT'),(169,'Poland','48','PL / POL','ACT'),(170,'Portugal','351','PT / PRT','ACT'),(171,'Puerto Rico','1-787, 1-939','PR / PRI','ACT'),(172,'Qatar','974','QA / QAT','ACT'),(173,'Republic of the Congo','242','CG / COG','ACT'),(174,'Reunion','262','RE / REU','ACT'),(175,'Romania','40','RO / ROU','ACT'),(176,'Russia','7','RU / RUS','ACT'),(177,'Rwanda','250','RW / RWA','ACT'),(178,'Saint Barthelemy','590','BL / BLM','ACT'),(179,'Saint Helena','290','SH / SHN','ACT'),(180,'Saint Kitts and Nevis','1-869','KN / KNA','ACT'),(181,'Saint Lucia','1-758','LC / LCA','ACT'),(182,'Saint Martin','590','MF / MAF','ACT'),(183,'Saint Pierre and Miquelon','508','PM / SPM','ACT'),(184,'Saint Vincent and the Grenadines','1-784','VC / VCT','ACT'),(185,'Samoa','685','WS / WSM','ACT'),(186,'San Marino','378','SM / SMR','ACT'),(187,'Sao Tome and Principe','239','ST / STP','ACT'),(188,'Saudi Arabia','966','SA / SAU','ACT'),(189,'Senegal','221','SN / SEN','ACT'),(190,'Serbia','381','RS / SRB','ACT'),(191,'Seychelles','248','SC / SYC','ACT'),(192,'Sierra Leone','232','SL / SLE','ACT'),(193,'Singapore','65','SG / SGP','ACT'),(194,'Sint Maarten','1-721','SX / SXM','ACT'),(195,'Slovakia','421','SK / SVK','ACT'),(196,'Slovenia','386','SI / SVN','ACT'),(197,'Solomon Islands','677','SB / SLB','ACT'),(198,'Somalia','252','SO / SOM','ACT'),(199,'South Africa','27','ZA / ZAF','ACT'),(200,'South Korea','82','KR / KOR','ACT'),(201,'South Sudan','211','SS / SSD','ACT'),(202,'Spain','34','ES / ESP','ACT'),(203,'Sri Lanka','94','LK / LKA','ACT'),(204,'Sudan','249','SD / SDN','ACT'),(205,'Suriname','597','SR / SUR','ACT'),(206,'Svalbard and Jan Mayen','47','SJ / SJM','ACT'),(207,'Swaziland','268','SZ / SWZ','ACT'),(208,'Sweden','46','SE / SWE','ACT'),(209,'Switzerland','41','CH / CHE','ACT'),(210,'Syria','963','SY / SYR','ACT'),(211,'Taiwan','886','TW / TWN','ACT'),(212,'Tajikistan','992','TJ / TJK','ACT'),(213,'Tanzania','255','TZ / TZA','ACT'),(214,'Thailand','66','TH / THA','ACT'),(215,'Togo','228','TG / TGO','ACT'),(216,'Tokelau','690','TK / TKL','ACT'),(217,'Tonga','676','TO / TON','ACT'),(218,'Trinidad and Tobago','1-868','TT / TTO','ACT'),(219,'Tunisia','216','TN / TUN','ACT'),(220,'Turkey','90','TR / TUR','ACT'),(221,'Turkmenistan','993','TM / TKM','ACT'),(222,'Turks and Caicos Islands','1-649','TC / TCA','ACT'),(223,'Tuvalu','688','TV / TUV','ACT'),(224,'U.S. Virgin Islands','1-340','VI / VIR','ACT'),(225,'Uganda','256','UG / UGA','ACT'),(226,'Ukraine','380','UA / UKR','ACT'),(227,'United Arab Emirates','971','AE / ARE','ACT'),(228,'United Kingdom','44','GB / GBR','ACT'),(229,'United States','1','US / USA','ACT'),(230,'Uruguay','598','UY / URY','ACT'),(231,'Uzbekistan','998','UZ / UZB','ACT'),(232,'Vanuatu','678','VU / VUT','ACT'),(233,'Vatican','379','VA / VAT','ACT'),(234,'Venezuela','58','VE / VEN','ACT'),(235,'Vietnam','84','VN / VNM','ACT'),(236,'Wallis and Futuna','681','WF / WLF','ACT'),(237,'Western Sahara','212','EH / ESH','ACT'),(238,'Yemen','967','YE / YEM','ACT'),(239,'Zambia','260','ZM / ZMB','ACT'),(240,'Zimbabwe','263','ZW / ZWE','ACT');
/*!40000 ALTER TABLE `country` ENABLE KEYS */;
UNLOCK TABLES;

--
-- Table structure for table `product`
--

DROP TABLE IF EXISTS `product`;
/*!40101 SET @saved_cs_client     = @@character_set_client */;
/*!50503 SET character_set_client = utf8mb4 */;
CREATE TABLE `product` (
  `product_id` bigint unsigned NOT NULL AUTO_INCREMENT,
  `name` varchar(255) DEFAULT NULL,
  `status` varchar(3) NOT NULL DEFAULT 'ACT',
  PRIMARY KEY (`product_id`)
) ENGINE=InnoDB AUTO_INCREMENT=7 DEFAULT CHARSET=utf8mb4 COLLATE=utf8mb4_0900_ai_ci;
/*!40101 SET character_set_client = @saved_cs_client */;

--
-- Dumping data for table `product`
--

LOCK TABLES `product` WRITE;
/*!40000 ALTER TABLE `product` DISABLE KEYS */;
INSERT INTO `product` VALUES (1,'Carretera','ACT'),(2,'Montana','ACT'),(3,'Paseo','ACT'),(4,'Velo','ACT'),(5,'VTT','ACT'),(6,'Amarilla','ACT');
/*!40000 ALTER TABLE `product` ENABLE KEYS */;
UNLOCK TABLES;

--
-- Table structure for table `product_detail`
--

DROP TABLE IF EXISTS `product_detail`;
/*!40101 SET @saved_cs_client     = @@character_set_client */;
/*!50503 SET character_set_client = utf8mb4 */;
CREATE TABLE `product_detail` (
  `product_details_id` bigint unsigned NOT NULL AUTO_INCREMENT,
  `product_id` bigint unsigned NOT NULL,
  `segment_id` int unsigned NOT NULL,
  `country_id` int unsigned NOT NULL,
  `discount_band` varchar(50) DEFAULT NULL,
  `units_sold` decimal(11,2) DEFAULT NULL,
  `manufacturing_price` decimal(11,2) DEFAULT NULL,
  `sale_price` decimal(11,2) DEFAULT NULL,
  `gross_sales` decimal(11,2) DEFAULT NULL,
  `discounts` decimal(11,2) DEFAULT NULL,
  `sales` decimal(11,2) DEFAULT NULL,
  `cogs` decimal(11,2) DEFAULT NULL,
  `profit` decimal(11,2) DEFAULT NULL,
  `date` date DEFAULT NULL,
  `status` varchar(3) NOT NULL DEFAULT 'ACT',
  PRIMARY KEY (`product_details_id`)
) ENGINE=InnoDB AUTO_INCREMENT=701 DEFAULT CHARSET=utf8mb4 COLLATE=utf8mb4_0900_ai_ci;
/*!40101 SET character_set_client = @saved_cs_client */;

--
-- Dumping data for table `product_detail`
--

LOCK TABLES `product_detail` WRITE;
/*!40000 ALTER TABLE `product_detail` DISABLE KEYS */;
INSERT INTO `product_detail` VALUES (1,1,1,1,'None',1618.50,3.00,20.00,32370.00,0.00,32370.00,16185.00,16185.00,'2014-01-01','ACT'),(2,1,1,2,'None',1321.00,3.00,20.00,26420.00,0.00,26420.00,13210.00,13210.00,'2014-01-01','ACT'),(3,1,2,3,'None',2178.00,3.00,15.00,32670.00,0.00,32670.00,21780.00,10890.00,'2014-06-01','ACT'),(4,1,2,2,'None',888.00,3.00,15.00,13320.00,0.00,13320.00,8880.00,4440.00,'2014-06-01','ACT'),(5,1,2,4,'None',2470.00,3.00,15.00,37050.00,0.00,37050.00,24700.00,12350.00,'2014-06-01','ACT'),(6,1,1,2,'None',1513.00,3.00,350.00,529550.00,0.00,529550.00,393380.00,136170.00,'2014-12-01','ACT'),(7,2,2,2,'None',921.00,5.00,15.00,13815.00,0.00,13815.00,9210.00,4605.00,'2014-03-01','ACT'),(8,2,3,1,'None',2518.00,5.00,12.00,30216.00,0.00,30216.00,7554.00,22662.00,'2014-06-01','ACT'),(9,2,1,3,'None',1899.00,5.00,20.00,37980.00,0.00,37980.00,18990.00,18990.00,'2014-06-01','ACT'),(10,2,3,2,'None',1545.00,5.00,12.00,18540.00,0.00,18540.00,4635.00,13905.00,'2014-06-01','ACT'),(11,2,2,4,'None',2470.00,5.00,15.00,37050.00,0.00,37050.00,24700.00,12350.00,'2014-06-01','ACT'),(12,2,4,1,'None',2665.50,5.00,125.00,333187.50,0.00,333187.50,319860.00,13327.50,'2014-07-01','ACT'),(13,2,5,4,'None',958.00,5.00,300.00,287400.00,0.00,287400.00,239500.00,47900.00,'2014-08-01','ACT'),(14,2,1,2,'None',2146.00,5.00,7.00,15022.00,0.00,15022.00,10730.00,4292.00,'2014-09-01','ACT'),(15,2,4,1,'None',345.00,5.00,125.00,43125.00,0.00,43125.00,41400.00,1725.00,'2013-10-01','ACT'),(16,2,2,5,'None',615.00,5.00,15.00,9225.00,0.00,9225.00,6150.00,3075.00,'2014-12-01','ACT'),(17,3,1,1,'None',292.00,10.00,20.00,5840.00,0.00,5840.00,2920.00,2920.00,'2014-02-01','ACT'),(18,3,2,4,'None',974.00,10.00,15.00,14610.00,0.00,14610.00,9740.00,4870.00,'2014-02-01','ACT'),(19,3,3,1,'None',2518.00,10.00,12.00,30216.00,0.00,30216.00,7554.00,22662.00,'2014-06-01','ACT'),(20,3,1,2,'None',1006.00,10.00,350.00,352100.00,0.00,352100.00,261560.00,90540.00,'2014-06-01','ACT'),(21,3,3,2,'None',367.00,10.00,12.00,4404.00,0.00,4404.00,1101.00,3303.00,'2014-07-01','ACT'),(22,3,1,4,'None',883.00,10.00,7.00,6181.00,0.00,6181.00,4415.00,1766.00,'2014-08-01','ACT'),(23,3,2,3,'None',549.00,10.00,15.00,8235.00,0.00,8235.00,5490.00,2745.00,'2013-09-01','ACT'),(24,3,5,4,'None',788.00,10.00,300.00,236400.00,0.00,236400.00,197000.00,39400.00,'2013-09-01','ACT'),(25,3,2,4,'None',2472.00,10.00,15.00,37080.00,0.00,37080.00,24720.00,12360.00,'2014-09-01','ACT'),(26,3,1,5,'None',1143.00,10.00,7.00,8001.00,0.00,8001.00,5715.00,2286.00,'2014-10-01','ACT'),(27,3,1,1,'None',1725.00,10.00,350.00,603750.00,0.00,603750.00,448500.00,155250.00,'2013-11-01','ACT'),(28,3,3,5,'None',912.00,10.00,12.00,10944.00,0.00,10944.00,2736.00,8208.00,'2013-11-01','ACT'),(29,3,2,1,'None',2152.00,10.00,15.00,32280.00,0.00,32280.00,21520.00,10760.00,'2013-12-01','ACT'),(30,3,1,1,'None',1817.00,10.00,20.00,36340.00,0.00,36340.00,18170.00,18170.00,'2014-12-01','ACT'),(31,3,1,2,'None',1513.00,10.00,350.00,529550.00,0.00,529550.00,393380.00,136170.00,'2014-12-01','ACT'),(32,4,1,4,'None',1493.00,120.00,7.00,10451.00,0.00,10451.00,7465.00,2986.00,'2014-01-01','ACT'),(33,4,4,3,'None',1804.00,120.00,125.00,225500.00,0.00,225500.00,216480.00,9020.00,'2014-02-01','ACT'),(34,4,3,2,'None',2161.00,120.00,12.00,25932.00,0.00,25932.00,6483.00,19449.00,'2014-03-01','ACT'),(35,4,1,2,'None',1006.00,120.00,350.00,352100.00,0.00,352100.00,261560.00,90540.00,'2014-06-01','ACT'),(36,4,3,2,'None',1545.00,120.00,12.00,18540.00,0.00,18540.00,4635.00,13905.00,'2014-06-01','ACT'),(37,4,4,5,'None',2821.00,120.00,125.00,352625.00,0.00,352625.00,338520.00,14105.00,'2014-08-01','ACT'),(38,4,4,1,'None',345.00,120.00,125.00,43125.00,0.00,43125.00,41400.00,1725.00,'2013-10-01','ACT'),(39,5,5,1,'None',2001.00,250.00,300.00,600300.00,0.00,600300.00,500250.00,100050.00,'2014-02-01','ACT'),(40,5,3,2,'None',2838.00,250.00,12.00,34056.00,0.00,34056.00,8514.00,25542.00,'2014-04-01','ACT'),(41,5,2,3,'None',2178.00,250.00,15.00,32670.00,0.00,32670.00,21780.00,10890.00,'2014-06-01','ACT'),(42,5,2,2,'None',888.00,250.00,15.00,13320.00,0.00,13320.00,8880.00,4440.00,'2014-06-01','ACT'),(43,5,1,3,'None',1527.00,250.00,350.00,534450.00,0.00,534450.00,397020.00,137430.00,'2013-09-01','ACT'),(44,5,5,3,'None',2151.00,250.00,300.00,645300.00,0.00,645300.00,537750.00,107550.00,'2014-09-01','ACT'),(45,5,1,1,'None',1817.00,250.00,20.00,36340.00,0.00,36340.00,18170.00,18170.00,'2014-12-01','ACT'),(46,6,1,3,'None',2750.00,260.00,350.00,962500.00,0.00,962500.00,715000.00,247500.00,'2014-02-01','ACT'),(47,6,3,5,'None',1953.00,260.00,12.00,23436.00,0.00,23436.00,5859.00,17577.00,'2014-04-01','ACT'),(48,6,4,2,'None',4219.50,260.00,125.00,527437.50,0.00,527437.50,506340.00,21097.50,'2014-04-01','ACT'),(49,6,1,3,'None',1899.00,260.00,20.00,37980.00,0.00,37980.00,18990.00,18990.00,'2014-06-01','ACT'),(50,6,1,2,'None',1686.00,260.00,7.00,11802.00,0.00,11802.00,8430.00,3372.00,'2014-07-01','ACT'),(51,6,3,5,'None',2141.00,260.00,12.00,25692.00,0.00,25692.00,6423.00,19269.00,'2014-08-01','ACT'),(52,6,1,5,'None',1143.00,260.00,7.00,8001.00,0.00,8001.00,5715.00,2286.00,'2014-10-01','ACT'),(53,6,2,5,'None',615.00,260.00,15.00,9225.00,0.00,9225.00,6150.00,3075.00,'2014-12-01','ACT'),(54,3,1,3,'Low',3945.00,10.00,7.00,27615.00,276.15,27338.85,19725.00,7613.85,'2014-01-01','ACT'),(55,3,2,3,'Low',2296.00,10.00,15.00,34440.00,344.40,34095.60,22960.00,11135.60,'2014-02-01','ACT'),(56,3,1,3,'Low',1030.00,10.00,7.00,7210.00,72.10,7137.90,5150.00,1987.90,'2014-05-01','ACT'),(57,4,1,3,'Low',639.00,120.00,7.00,4473.00,44.73,4428.27,3195.00,1233.27,'2014-11-01','ACT'),(58,5,1,1,'Low',1326.00,250.00,7.00,9282.00,92.82,9189.18,6630.00,2559.18,'2014-03-01','ACT'),(59,1,3,5,'Low',1858.00,3.00,12.00,22296.00,222.96,22073.04,5574.00,16499.04,'2014-02-01','ACT'),(60,1,1,4,'Low',1210.00,3.00,350.00,423500.00,4235.00,419265.00,314600.00,104665.00,'2014-03-01','ACT'),(61,1,1,5,'Low',2529.00,3.00,7.00,17703.00,177.03,17525.97,12645.00,4880.97,'2014-07-01','ACT'),(62,1,3,1,'Low',1445.00,3.00,12.00,17340.00,173.40,17166.60,4335.00,12831.60,'2014-09-01','ACT'),(63,1,4,5,'Low',330.00,3.00,125.00,41250.00,412.50,40837.50,39600.00,1237.50,'2013-09-01','ACT'),(64,1,3,3,'Low',2671.00,3.00,12.00,32052.00,320.52,31731.48,8013.00,23718.48,'2014-09-01','ACT'),(65,1,3,2,'Low',766.00,3.00,12.00,9192.00,91.92,9100.08,2298.00,6802.08,'2013-10-01','ACT'),(66,1,5,4,'Low',494.00,3.00,300.00,148200.00,1482.00,146718.00,123500.00,23218.00,'2013-10-01','ACT'),(67,1,1,4,'Low',1397.00,3.00,350.00,488950.00,4889.50,484060.50,363220.00,120840.50,'2014-10-01','ACT'),(68,1,1,3,'Low',2155.00,3.00,350.00,754250.00,7542.50,746707.50,560300.00,186407.50,'2014-12-01','ACT'),(69,2,2,4,'Low',2214.00,5.00,15.00,33210.00,332.10,32877.90,22140.00,10737.90,'2014-03-01','ACT'),(70,2,5,5,'Low',2301.00,5.00,300.00,690300.00,6903.00,683397.00,575250.00,108147.00,'2014-04-01','ACT'),(71,2,1,3,'Low',1375.50,5.00,20.00,27510.00,275.10,27234.90,13755.00,13479.90,'2014-07-01','ACT'),(72,2,1,1,'Low',1830.00,5.00,7.00,12810.00,128.10,12681.90,9150.00,3531.90,'2014-08-01','ACT'),(73,2,5,5,'Low',2498.00,5.00,300.00,749400.00,7494.00,741906.00,624500.00,117406.00,'2013-09-01','ACT'),(74,2,4,5,'Low',663.00,5.00,125.00,82875.00,828.75,82046.25,79560.00,2486.25,'2013-10-01','ACT'),(75,3,2,5,'Low',1514.00,10.00,15.00,22710.00,227.10,22482.90,15140.00,7342.90,'2014-02-01','ACT'),(76,3,1,5,'Low',4492.50,10.00,7.00,31447.50,314.48,31133.03,22462.50,8670.53,'2014-04-01','ACT'),(77,3,4,5,'Low',727.00,10.00,125.00,90875.00,908.75,89966.25,87240.00,2726.25,'2014-06-01','ACT'),(78,3,4,3,'Low',787.00,10.00,125.00,98375.00,983.75,97391.25,94440.00,2951.25,'2014-06-01','ACT'),(79,3,4,4,'Low',1823.00,10.00,125.00,227875.00,2278.75,225596.25,218760.00,6836.25,'2014-07-01','ACT'),(80,3,2,2,'Low',747.00,10.00,15.00,11205.00,112.05,11092.95,7470.00,3622.95,'2014-09-01','ACT'),(81,3,3,2,'Low',766.00,10.00,12.00,9192.00,91.92,9100.08,2298.00,6802.08,'2013-10-01','ACT'),(82,3,5,5,'Low',2905.00,10.00,300.00,871500.00,8715.00,862785.00,726250.00,136535.00,'2014-11-01','ACT'),(83,3,1,3,'Low',2155.00,10.00,350.00,754250.00,7542.50,746707.50,560300.00,186407.50,'2014-12-01','ACT'),(84,4,1,3,'Low',3864.00,120.00,20.00,77280.00,772.80,76507.20,38640.00,37867.20,'2014-04-01','ACT'),(85,4,1,4,'Low',362.00,120.00,7.00,2534.00,25.34,2508.66,1810.00,698.66,'2014-05-01','ACT'),(86,4,4,1,'Low',923.00,120.00,125.00,115375.00,1153.75,114221.25,110760.00,3461.25,'2014-08-01','ACT'),(87,4,4,5,'Low',663.00,120.00,125.00,82875.00,828.75,82046.25,79560.00,2486.25,'2013-10-01','ACT'),(88,4,1,1,'Low',2092.00,120.00,7.00,14644.00,146.44,14497.56,10460.00,4037.56,'2013-11-01','ACT'),(89,5,1,2,'Low',263.00,250.00,7.00,1841.00,18.41,1822.59,1315.00,507.59,'2014-03-01','ACT'),(90,5,1,1,'Low',943.50,250.00,350.00,330225.00,3302.25,326922.75,245310.00,81612.75,'2014-04-01','ACT'),(91,5,4,5,'Low',727.00,250.00,125.00,90875.00,908.75,89966.25,87240.00,2726.25,'2014-06-01','ACT'),(92,5,4,3,'Low',787.00,250.00,125.00,98375.00,983.75,97391.25,94440.00,2951.25,'2014-06-01','ACT'),(93,5,5,2,'Low',986.00,250.00,300.00,295800.00,2958.00,292842.00,246500.00,46342.00,'2014-09-01','ACT'),(94,5,5,4,'Low',494.00,250.00,300.00,148200.00,1482.00,146718.00,123500.00,23218.00,'2013-10-01','ACT'),(95,5,1,4,'Low',1397.00,250.00,350.00,488950.00,4889.50,484060.50,363220.00,120840.50,'2014-10-01','ACT'),(96,5,4,3,'Low',1744.00,250.00,125.00,218000.00,2180.00,215820.00,209280.00,6540.00,'2014-11-01','ACT'),(97,6,3,5,'Low',1989.00,260.00,12.00,23868.00,238.68,23629.32,5967.00,17662.32,'2013-09-01','ACT'),(98,6,2,3,'Low',321.00,260.00,15.00,4815.00,48.15,4766.85,3210.00,1556.85,'2013-11-01','ACT'),(99,1,4,1,'Low',742.50,3.00,125.00,92812.50,1856.25,90956.25,89100.00,1856.25,'2014-04-01','ACT'),(100,1,3,1,'Low',1295.00,3.00,12.00,15540.00,310.80,15229.20,3885.00,11344.20,'2014-10-01','ACT'),(101,1,5,2,'Low',214.00,3.00,300.00,64200.00,1284.00,62916.00,53500.00,9416.00,'2013-10-01','ACT'),(102,1,1,3,'Low',2145.00,3.00,7.00,15015.00,300.30,14714.70,10725.00,3989.70,'2013-11-01','ACT'),(103,1,1,1,'Low',2852.00,3.00,350.00,998200.00,19964.00,978236.00,741520.00,236716.00,'2014-12-01','ACT'),(104,2,3,5,'Low',1142.00,5.00,12.00,13704.00,274.08,13429.92,3426.00,10003.92,'2014-06-01','ACT'),(105,2,1,5,'Low',1566.00,5.00,20.00,31320.00,626.40,30693.60,15660.00,15033.60,'2014-10-01','ACT'),(106,2,3,4,'Low',690.00,5.00,12.00,8280.00,165.60,8114.40,2070.00,6044.40,'2014-11-01','ACT'),(107,2,4,4,'Low',1660.00,5.00,125.00,207500.00,4150.00,203350.00,199200.00,4150.00,'2013-11-01','ACT'),(108,3,2,1,'Low',2363.00,10.00,15.00,35445.00,708.90,34736.10,23630.00,11106.10,'2014-02-01','ACT'),(109,3,5,3,'Low',918.00,10.00,300.00,275400.00,5508.00,269892.00,229500.00,40392.00,'2014-05-01','ACT'),(110,3,5,2,'Low',1728.00,10.00,300.00,518400.00,10368.00,508032.00,432000.00,76032.00,'2014-05-01','ACT'),(111,3,3,5,'Low',1142.00,10.00,12.00,13704.00,274.08,13429.92,3426.00,10003.92,'2014-06-01','ACT'),(112,3,4,4,'Low',662.00,10.00,125.00,82750.00,1655.00,81095.00,79440.00,1655.00,'2014-06-01','ACT'),(113,3,3,1,'Low',1295.00,10.00,12.00,15540.00,310.80,15229.20,3885.00,11344.20,'2014-10-01','ACT'),(114,3,4,2,'Low',809.00,10.00,125.00,101125.00,2022.50,99102.50,97080.00,2022.50,'2013-10-01','ACT'),(115,3,4,4,'Low',2145.00,10.00,125.00,268125.00,5362.50,262762.50,257400.00,5362.50,'2013-10-01','ACT'),(116,3,3,3,'Low',1785.00,10.00,12.00,21420.00,428.40,20991.60,5355.00,15636.60,'2013-11-01','ACT'),(117,3,5,1,'Low',1916.00,10.00,300.00,574800.00,11496.00,563304.00,479000.00,84304.00,'2014-12-01','ACT'),(118,3,1,1,'Low',2852.00,10.00,350.00,998200.00,19964.00,978236.00,741520.00,236716.00,'2014-12-01','ACT'),(119,3,4,1,'Low',2729.00,10.00,125.00,341125.00,6822.50,334302.50,327480.00,6822.50,'2014-12-01','ACT'),(120,3,2,5,'Low',1925.00,10.00,15.00,28875.00,577.50,28297.50,19250.00,9047.50,'2013-12-01','ACT'),(121,3,1,5,'Low',2013.00,10.00,7.00,14091.00,281.82,13809.18,10065.00,3744.18,'2013-12-01','ACT'),(122,3,3,3,'Low',1055.00,10.00,12.00,12660.00,253.20,12406.80,3165.00,9241.80,'2014-12-01','ACT'),(123,3,3,4,'Low',1084.00,10.00,12.00,13008.00,260.16,12747.84,3252.00,9495.84,'2014-12-01','ACT'),(124,4,1,5,'Low',1566.00,120.00,20.00,31320.00,626.40,30693.60,15660.00,15033.60,'2014-10-01','ACT'),(125,4,1,2,'Low',2966.00,120.00,350.00,1038100.00,20762.00,1017338.00,771160.00,246178.00,'2013-10-01','ACT'),(126,4,1,2,'Low',2877.00,120.00,350.00,1006950.00,20139.00,986811.00,748020.00,238791.00,'2014-10-01','ACT'),(127,4,4,2,'Low',809.00,120.00,125.00,101125.00,2022.50,99102.50,97080.00,2022.50,'2013-10-01','ACT'),(128,4,4,4,'Low',2145.00,120.00,125.00,268125.00,5362.50,262762.50,257400.00,5362.50,'2013-10-01','ACT'),(129,4,3,3,'Low',1055.00,120.00,12.00,12660.00,253.20,12406.80,3165.00,9241.80,'2014-12-01','ACT'),(130,4,1,4,'Low',544.00,120.00,20.00,10880.00,217.60,10662.40,5440.00,5222.40,'2013-12-01','ACT'),(131,4,3,4,'Low',1084.00,120.00,12.00,13008.00,260.16,12747.84,3252.00,9495.84,'2014-12-01','ACT'),(132,5,4,4,'Low',662.00,250.00,125.00,82750.00,1655.00,81095.00,79440.00,1655.00,'2014-06-01','ACT'),(133,5,5,2,'Low',214.00,250.00,300.00,64200.00,1284.00,62916.00,53500.00,9416.00,'2013-10-01','ACT'),(134,5,1,2,'Low',2877.00,250.00,350.00,1006950.00,20139.00,986811.00,748020.00,238791.00,'2014-10-01','ACT'),(135,5,4,1,'Low',2729.00,250.00,125.00,341125.00,6822.50,334302.50,327480.00,6822.50,'2014-12-01','ACT'),(136,5,1,5,'Low',266.00,250.00,350.00,93100.00,1862.00,91238.00,69160.00,22078.00,'2013-12-01','ACT'),(137,5,1,4,'Low',1940.00,250.00,350.00,679000.00,13580.00,665420.00,504400.00,161020.00,'2013-12-01','ACT'),(138,6,5,2,'Low',259.00,260.00,300.00,77700.00,1554.00,76146.00,64750.00,11396.00,'2014-03-01','ACT'),(139,6,5,4,'Low',1101.00,260.00,300.00,330300.00,6606.00,323694.00,275250.00,48444.00,'2014-03-01','ACT'),(140,6,4,2,'Low',2276.00,260.00,125.00,284500.00,5690.00,278810.00,273120.00,5690.00,'2014-05-01','ACT'),(141,6,1,2,'Low',2966.00,260.00,350.00,1038100.00,20762.00,1017338.00,771160.00,246178.00,'2013-10-01','ACT'),(142,6,1,5,'Low',1236.00,260.00,20.00,24720.00,494.40,24225.60,12360.00,11865.60,'2014-11-01','ACT'),(143,6,1,3,'Low',941.00,260.00,20.00,18820.00,376.40,18443.60,9410.00,9033.60,'2014-11-01','ACT'),(144,6,5,1,'Low',1916.00,260.00,300.00,574800.00,11496.00,563304.00,479000.00,84304.00,'2014-12-01','ACT'),(145,1,4,3,'Low',4243.50,3.00,125.00,530437.50,15913.13,514524.38,509220.00,5304.38,'2014-04-01','ACT'),(146,1,1,2,'Low',2580.00,3.00,20.00,51600.00,1548.00,50052.00,25800.00,24252.00,'2014-04-01','ACT'),(147,1,5,2,'Low',689.00,3.00,300.00,206700.00,6201.00,200499.00,172250.00,28249.00,'2014-06-01','ACT'),(148,1,3,5,'Low',1947.00,3.00,12.00,23364.00,700.92,22663.08,5841.00,16822.08,'2014-09-01','ACT'),(149,1,3,1,'Low',908.00,3.00,12.00,10896.00,326.88,10569.12,2724.00,7845.12,'2013-12-01','ACT'),(150,2,1,2,'Low',1958.00,5.00,7.00,13706.00,411.18,13294.82,9790.00,3504.82,'2014-02-01','ACT'),(151,2,3,3,'Low',1901.00,5.00,12.00,22812.00,684.36,22127.64,5703.00,16424.64,'2014-06-01','ACT'),(152,2,1,3,'Low',544.00,5.00,7.00,3808.00,114.24,3693.76,2720.00,973.76,'2014-09-01','ACT'),(153,2,1,2,'Low',1797.00,5.00,350.00,628950.00,18868.50,610081.50,467220.00,142861.50,'2013-09-01','ACT'),(154,2,4,3,'Low',1287.00,5.00,125.00,160875.00,4826.25,156048.75,154440.00,1608.75,'2014-12-01','ACT'),(155,2,4,2,'Low',1706.00,5.00,125.00,213250.00,6397.50,206852.50,204720.00,2132.50,'2014-12-01','ACT'),(156,3,5,3,'Low',2434.50,10.00,300.00,730350.00,21910.50,708439.50,608625.00,99814.50,'2014-01-01','ACT'),(157,3,4,1,'Low',1774.00,10.00,125.00,221750.00,6652.50,215097.50,212880.00,2217.50,'2014-03-01','ACT'),(158,3,3,3,'Low',1901.00,10.00,12.00,22812.00,684.36,22127.64,5703.00,16424.64,'2014-06-01','ACT'),(159,3,5,2,'Low',689.00,10.00,300.00,206700.00,6201.00,200499.00,172250.00,28249.00,'2014-06-01','ACT'),(160,3,4,2,'Low',1570.00,10.00,125.00,196250.00,5887.50,190362.50,188400.00,1962.50,'2014-06-01','ACT'),(161,3,3,5,'Low',1369.50,10.00,12.00,16434.00,493.02,15940.98,4108.50,11832.48,'2014-07-01','ACT'),(162,3,4,1,'Low',2009.00,10.00,125.00,251125.00,7533.75,243591.25,241080.00,2511.25,'2014-10-01','ACT'),(163,3,2,2,'Low',1945.00,10.00,15.00,29175.00,875.25,28299.75,19450.00,8849.75,'2013-10-01','ACT'),(164,3,4,3,'Low',1287.00,10.00,125.00,160875.00,4826.25,156048.75,154440.00,1608.75,'2014-12-01','ACT'),(165,3,4,2,'Low',1706.00,10.00,125.00,213250.00,6397.50,206852.50,204720.00,2132.50,'2014-12-01','ACT'),(166,4,4,1,'Low',2009.00,120.00,125.00,251125.00,7533.75,243591.25,241080.00,2511.25,'2014-10-01','ACT'),(167,5,5,5,'Low',2844.00,250.00,300.00,853200.00,25596.00,827604.00,711000.00,116604.00,'2014-02-01','ACT'),(168,5,3,4,'Low',1916.00,250.00,12.00,22992.00,689.76,22302.24,5748.00,16554.24,'2014-04-01','ACT'),(169,5,4,2,'Low',1570.00,250.00,125.00,196250.00,5887.50,190362.50,188400.00,1962.50,'2014-06-01','ACT'),(170,5,5,1,'Low',1874.00,250.00,300.00,562200.00,16866.00,545334.00,468500.00,76834.00,'2014-08-01','ACT'),(171,5,1,4,'Low',1642.00,250.00,350.00,574700.00,17241.00,557459.00,426920.00,130539.00,'2014-08-01','ACT'),(172,5,2,2,'Low',1945.00,250.00,15.00,29175.00,875.25,28299.75,19450.00,8849.75,'2013-10-01','ACT'),(173,1,1,1,'Low',831.00,3.00,20.00,16620.00,498.60,16121.40,8310.00,7811.40,'2014-05-01','ACT'),(174,3,1,4,'Low',1760.00,10.00,7.00,12320.00,369.60,11950.40,8800.00,3150.40,'2013-09-01','ACT'),(175,4,1,1,'Low',3850.50,120.00,20.00,77010.00,2310.30,74699.70,38505.00,36194.70,'2014-04-01','ACT'),(176,5,3,2,'Low',2479.00,250.00,12.00,29748.00,892.44,28855.56,7437.00,21418.56,'2014-01-01','ACT'),(177,2,2,4,'Low',2031.00,5.00,15.00,30465.00,1218.60,29246.40,20310.00,8936.40,'2014-10-01','ACT'),(178,3,2,4,'Low',2031.00,10.00,15.00,30465.00,1218.60,29246.40,20310.00,8936.40,'2014-10-01','ACT'),(179,3,2,3,'Low',2261.00,10.00,15.00,33915.00,1356.60,32558.40,22610.00,9948.40,'2013-12-01','ACT'),(180,4,1,5,'Low',736.00,120.00,20.00,14720.00,588.80,14131.20,7360.00,6771.20,'2013-09-01','ACT'),(181,1,1,1,'Low',2851.00,3.00,7.00,19957.00,798.28,19158.72,14255.00,4903.72,'2013-10-01','ACT'),(182,1,5,2,'Low',2021.00,3.00,300.00,606300.00,24252.00,582048.00,505250.00,76798.00,'2014-10-01','ACT'),(183,1,1,5,'Low',274.00,3.00,350.00,95900.00,3836.00,92064.00,71240.00,20824.00,'2014-12-01','ACT'),(184,2,2,1,'Low',1967.00,5.00,15.00,29505.00,1180.20,28324.80,19670.00,8654.80,'2014-03-01','ACT'),(185,2,5,2,'Low',1859.00,5.00,300.00,557700.00,22308.00,535392.00,464750.00,70642.00,'2014-08-01','ACT'),(186,2,1,1,'Low',2851.00,5.00,7.00,19957.00,798.28,19158.72,14255.00,4903.72,'2013-10-01','ACT'),(187,2,5,2,'Low',2021.00,5.00,300.00,606300.00,24252.00,582048.00,505250.00,76798.00,'2014-10-01','ACT'),(188,2,4,4,'Low',1138.00,5.00,125.00,142250.00,5690.00,136560.00,136560.00,0.00,'2014-12-01','ACT'),(189,3,1,1,'Low',4251.00,10.00,7.00,29757.00,1190.28,28566.72,21255.00,7311.72,'2014-01-01','ACT'),(190,3,4,2,'Low',795.00,10.00,125.00,99375.00,3975.00,95400.00,95400.00,0.00,'2014-03-01','ACT'),(191,3,5,2,'Low',1414.50,10.00,300.00,424350.00,16974.00,407376.00,353625.00,53751.00,'2014-04-01','ACT'),(192,3,5,5,'Low',2918.00,10.00,300.00,875400.00,35016.00,840384.00,729500.00,110884.00,'2014-05-01','ACT'),(193,3,1,5,'Low',3450.00,10.00,350.00,1207500.00,48300.00,1159200.00,897000.00,262200.00,'2014-07-01','ACT'),(194,3,4,3,'Low',2988.00,10.00,125.00,373500.00,14940.00,358560.00,358560.00,0.00,'2014-07-01','ACT'),(195,3,2,1,'Low',218.00,10.00,15.00,3270.00,130.80,3139.20,2180.00,959.20,'2014-09-01','ACT'),(196,3,1,1,'Low',2074.00,10.00,20.00,41480.00,1659.20,39820.80,20740.00,19080.80,'2014-09-01','ACT'),(197,3,1,5,'Low',1056.00,10.00,20.00,21120.00,844.80,20275.20,10560.00,9715.20,'2014-09-01','ACT'),(198,3,2,5,'Low',671.00,10.00,15.00,10065.00,402.60,9662.40,6710.00,2952.40,'2013-10-01','ACT'),(199,3,2,4,'Low',1514.00,10.00,15.00,22710.00,908.40,21801.60,15140.00,6661.60,'2013-10-01','ACT'),(200,3,1,5,'Low',274.00,10.00,350.00,95900.00,3836.00,92064.00,71240.00,20824.00,'2014-12-01','ACT'),(201,3,4,4,'Low',1138.00,10.00,125.00,142250.00,5690.00,136560.00,136560.00,0.00,'2014-12-01','ACT'),(202,4,3,5,'Low',1465.00,120.00,12.00,17580.00,703.20,16876.80,4395.00,12481.80,'2014-03-01','ACT'),(203,4,1,1,'Low',2646.00,120.00,20.00,52920.00,2116.80,50803.20,26460.00,24343.20,'2013-09-01','ACT'),(204,4,1,3,'Low',2177.00,120.00,350.00,761950.00,30478.00,731472.00,566020.00,165452.00,'2014-10-01','ACT'),(205,5,3,3,'Low',866.00,250.00,12.00,10392.00,415.68,9976.32,2598.00,7378.32,'2014-05-01','ACT'),(206,5,1,5,'Low',349.00,250.00,350.00,122150.00,4886.00,117264.00,90740.00,26524.00,'2013-09-01','ACT'),(207,5,1,3,'Low',2177.00,250.00,350.00,761950.00,30478.00,731472.00,566020.00,165452.00,'2014-10-01','ACT'),(208,5,2,4,'Low',1514.00,250.00,15.00,22710.00,908.40,21801.60,15140.00,6661.60,'2013-10-01','ACT'),(209,6,1,4,'Low',1865.00,260.00,350.00,652750.00,26110.00,626640.00,484900.00,141740.00,'2014-02-01','ACT'),(210,6,4,4,'Low',1074.00,260.00,125.00,134250.00,5370.00,128880.00,128880.00,0.00,'2014-04-01','ACT'),(211,6,1,2,'Low',1907.00,260.00,350.00,667450.00,26698.00,640752.00,495820.00,144932.00,'2014-09-01','ACT'),(212,6,2,5,'Low',671.00,260.00,15.00,10065.00,402.60,9662.40,6710.00,2952.40,'2013-10-01','ACT'),(213,6,1,1,'Low',1778.00,260.00,350.00,622300.00,24892.00,597408.00,462280.00,135128.00,'2013-12-01','ACT'),(214,2,1,2,'Medium',1159.00,5.00,7.00,8113.00,405.65,7707.35,5795.00,1912.35,'2013-10-01','ACT'),(215,3,1,2,'Medium',1372.00,10.00,7.00,9604.00,480.20,9123.80,6860.00,2263.80,'2014-01-01','ACT'),(216,3,1,1,'Medium',2349.00,10.00,7.00,16443.00,822.15,15620.85,11745.00,3875.85,'2013-09-01','ACT'),(217,3,1,4,'Medium',2689.00,10.00,7.00,18823.00,941.15,17881.85,13445.00,4436.85,'2014-10-01','ACT'),(218,3,3,1,'Medium',2431.00,10.00,12.00,29172.00,1458.60,27713.40,7293.00,20420.40,'2014-12-01','ACT'),(219,4,3,1,'Medium',2431.00,120.00,12.00,29172.00,1458.60,27713.40,7293.00,20420.40,'2014-12-01','ACT'),(220,5,1,4,'Medium',2689.00,250.00,7.00,18823.00,941.15,17881.85,13445.00,4436.85,'2014-10-01','ACT'),(221,6,1,4,'Medium',1683.00,260.00,7.00,11781.00,589.05,11191.95,8415.00,2776.95,'2014-07-01','ACT'),(222,6,3,4,'Medium',1123.00,260.00,12.00,13476.00,673.80,12802.20,3369.00,9433.20,'2014-08-01','ACT'),(223,6,1,2,'Medium',1159.00,260.00,7.00,8113.00,405.65,7707.35,5795.00,1912.35,'2013-10-01','ACT'),(224,1,3,3,'Medium',1865.00,3.00,12.00,22380.00,1119.00,21261.00,5595.00,15666.00,'2014-02-01','ACT'),(225,1,3,2,'Medium',1116.00,3.00,12.00,13392.00,669.60,12722.40,3348.00,9374.40,'2014-02-01','ACT'),(226,1,1,3,'Medium',1563.00,3.00,20.00,31260.00,1563.00,29697.00,15630.00,14067.00,'2014-05-01','ACT'),(227,1,5,5,'Medium',991.00,3.00,300.00,297300.00,14865.00,282435.00,247750.00,34685.00,'2014-06-01','ACT'),(228,1,1,2,'Medium',1016.00,3.00,7.00,7112.00,355.60,6756.40,5080.00,1676.40,'2013-11-01','ACT'),(229,1,2,4,'Medium',2791.00,3.00,15.00,41865.00,2093.25,39771.75,27910.00,11861.75,'2014-11-01','ACT'),(230,1,1,5,'Medium',570.00,3.00,7.00,3990.00,199.50,3790.50,2850.00,940.50,'2014-12-01','ACT'),(231,1,1,3,'Medium',2487.00,3.00,7.00,17409.00,870.45,16538.55,12435.00,4103.55,'2014-12-01','ACT'),(232,2,1,3,'Medium',1384.50,5.00,350.00,484575.00,24228.75,460346.25,359970.00,100376.25,'2014-01-01','ACT'),(233,2,4,5,'Medium',3627.00,5.00,125.00,453375.00,22668.75,430706.25,435240.00,4533.75,'2014-07-01','ACT'),(234,2,1,4,'Medium',720.00,5.00,350.00,252000.00,12600.00,239400.00,187200.00,52200.00,'2013-09-01','ACT'),(235,2,3,2,'Medium',2342.00,5.00,12.00,28104.00,1405.20,26698.80,7026.00,19672.80,'2014-11-01','ACT'),(236,2,5,4,'Medium',1100.00,5.00,300.00,330000.00,16500.00,313500.00,275000.00,38500.00,'2013-12-01','ACT'),(237,3,1,3,'Medium',1303.00,10.00,20.00,26060.00,1303.00,24757.00,13030.00,11727.00,'2014-02-01','ACT'),(238,3,4,5,'Medium',2992.00,10.00,125.00,374000.00,18700.00,355300.00,359040.00,3740.00,'2014-03-01','ACT'),(239,3,4,3,'Medium',2385.00,10.00,125.00,298125.00,14906.25,283218.75,286200.00,2981.25,'2014-03-01','ACT'),(240,3,5,4,'Medium',1607.00,10.00,300.00,482100.00,24105.00,457995.00,401750.00,56245.00,'2014-04-01','ACT'),(241,3,1,5,'Medium',2327.00,10.00,7.00,16289.00,814.45,15474.55,11635.00,3839.55,'2014-05-01','ACT'),(242,3,5,5,'Medium',991.00,10.00,300.00,297300.00,14865.00,282435.00,247750.00,34685.00,'2014-06-01','ACT'),(243,3,1,5,'Medium',602.00,10.00,350.00,210700.00,10535.00,200165.00,156520.00,43645.00,'2014-06-01','ACT'),(244,3,2,3,'Medium',2620.00,10.00,15.00,39300.00,1965.00,37335.00,26200.00,11135.00,'2014-09-01','ACT'),(245,3,1,1,'Medium',1228.00,10.00,350.00,429800.00,21490.00,408310.00,319280.00,89030.00,'2013-10-01','ACT'),(246,3,1,1,'Medium',1389.00,10.00,20.00,27780.00,1389.00,26391.00,13890.00,12501.00,'2013-10-01','ACT'),(247,3,4,5,'Medium',861.00,10.00,125.00,107625.00,5381.25,102243.75,103320.00,1076.25,'2014-10-01','ACT'),(248,3,4,3,'Medium',704.00,10.00,125.00,88000.00,4400.00,83600.00,84480.00,880.00,'2013-10-01','ACT'),(249,3,1,1,'Medium',1802.00,10.00,20.00,36040.00,1802.00,34238.00,18020.00,16218.00,'2013-12-01','ACT'),(250,3,1,5,'Medium',2663.00,10.00,20.00,53260.00,2663.00,50597.00,26630.00,23967.00,'2014-12-01','ACT'),(251,3,1,3,'Medium',2136.00,10.00,7.00,14952.00,747.60,14204.40,10680.00,3524.40,'2013-12-01','ACT'),(252,3,2,2,'Medium',2116.00,10.00,15.00,31740.00,1587.00,30153.00,21160.00,8993.00,'2013-12-01','ACT'),(253,4,2,5,'Medium',555.00,120.00,15.00,8325.00,416.25,7908.75,5550.00,2358.75,'2014-01-01','ACT'),(254,4,2,4,'Medium',2861.00,120.00,15.00,42915.00,2145.75,40769.25,28610.00,12159.25,'2014-01-01','ACT'),(255,4,4,2,'Medium',807.00,120.00,125.00,100875.00,5043.75,95831.25,96840.00,1008.75,'2014-02-01','ACT'),(256,4,1,5,'Medium',602.00,120.00,350.00,210700.00,10535.00,200165.00,156520.00,43645.00,'2014-06-01','ACT'),(257,4,1,5,'Medium',2832.00,120.00,20.00,56640.00,2832.00,53808.00,28320.00,25488.00,'2014-08-01','ACT'),(258,4,1,3,'Medium',1579.00,120.00,20.00,31580.00,1579.00,30001.00,15790.00,14211.00,'2014-08-01','ACT'),(259,4,4,5,'Medium',861.00,120.00,125.00,107625.00,5381.25,102243.75,103320.00,1076.25,'2014-10-01','ACT'),(260,4,4,3,'Medium',704.00,120.00,125.00,88000.00,4400.00,83600.00,84480.00,880.00,'2013-10-01','ACT'),(261,4,1,3,'Medium',1033.00,120.00,20.00,20660.00,1033.00,19627.00,10330.00,9297.00,'2013-12-01','ACT'),(262,4,5,2,'Medium',1250.00,120.00,300.00,375000.00,18750.00,356250.00,312500.00,43750.00,'2014-12-01','ACT'),(263,5,1,1,'Medium',1389.00,250.00,20.00,27780.00,1389.00,26391.00,13890.00,12501.00,'2013-10-01','ACT'),(264,5,1,5,'Medium',1265.00,250.00,20.00,25300.00,1265.00,24035.00,12650.00,11385.00,'2013-11-01','ACT'),(265,5,1,2,'Medium',2297.00,250.00,20.00,45940.00,2297.00,43643.00,22970.00,20673.00,'2013-11-01','ACT'),(266,5,1,5,'Medium',2663.00,250.00,20.00,53260.00,2663.00,50597.00,26630.00,23967.00,'2014-12-01','ACT'),(267,5,1,5,'Medium',570.00,250.00,7.00,3990.00,199.50,3790.50,2850.00,940.50,'2014-12-01','ACT'),(268,5,1,3,'Medium',2487.00,250.00,7.00,17409.00,870.45,16538.55,12435.00,4103.55,'2014-12-01','ACT'),(269,6,1,2,'Medium',1350.00,260.00,350.00,472500.00,23625.00,448875.00,351000.00,97875.00,'2014-02-01','ACT'),(270,6,1,1,'Medium',552.00,260.00,350.00,193200.00,9660.00,183540.00,143520.00,40020.00,'2014-08-01','ACT'),(271,6,1,1,'Medium',1228.00,260.00,350.00,429800.00,21490.00,408310.00,319280.00,89030.00,'2013-10-01','ACT'),(272,6,5,2,'Medium',1250.00,260.00,300.00,375000.00,18750.00,356250.00,312500.00,43750.00,'2014-12-01','ACT'),(273,3,2,3,'Medium',3801.00,10.00,15.00,57015.00,3420.90,53594.10,38010.00,15584.10,'2014-04-01','ACT'),(274,1,1,5,'Medium',1117.50,3.00,20.00,22350.00,1341.00,21009.00,11175.00,9834.00,'2014-01-01','ACT'),(275,1,2,1,'Medium',2844.00,3.00,15.00,42660.00,2559.60,40100.40,28440.00,11660.40,'2014-06-01','ACT'),(276,1,3,4,'Medium',562.00,3.00,12.00,6744.00,404.64,6339.36,1686.00,4653.36,'2014-09-01','ACT'),(277,1,3,1,'Medium',2299.00,3.00,12.00,27588.00,1655.28,25932.72,6897.00,19035.72,'2013-10-01','ACT'),(278,1,2,5,'Medium',2030.00,3.00,15.00,30450.00,1827.00,28623.00,20300.00,8323.00,'2014-11-01','ACT'),(279,1,1,5,'Medium',263.00,3.00,7.00,1841.00,110.46,1730.54,1315.00,415.54,'2013-11-01','ACT'),(280,1,4,2,'Medium',887.00,3.00,125.00,110875.00,6652.50,104222.50,106440.00,2217.50,'2013-12-01','ACT'),(281,2,1,4,'Medium',980.00,5.00,350.00,343000.00,20580.00,322420.00,254800.00,67620.00,'2014-04-01','ACT'),(282,2,1,2,'Medium',1460.00,5.00,350.00,511000.00,30660.00,480340.00,379600.00,100740.00,'2014-05-01','ACT'),(283,2,1,3,'Medium',1403.00,5.00,7.00,9821.00,589.26,9231.74,7015.00,2216.74,'2013-10-01','ACT'),(284,2,3,5,'Medium',2723.00,5.00,12.00,32676.00,1960.56,30715.44,8169.00,22546.44,'2014-11-01','ACT'),(285,3,1,3,'Medium',1496.00,10.00,350.00,523600.00,31416.00,492184.00,388960.00,103224.00,'2014-06-01','ACT'),(286,3,3,1,'Medium',2299.00,10.00,12.00,27588.00,1655.28,25932.72,6897.00,19035.72,'2013-10-01','ACT'),(287,3,1,5,'Medium',727.00,10.00,350.00,254450.00,15267.00,239183.00,189020.00,50163.00,'2013-10-01','ACT'),(288,4,4,1,'Medium',952.00,120.00,125.00,119000.00,7140.00,111860.00,114240.00,2380.00,'2014-02-01','ACT'),(289,4,4,5,'Medium',2755.00,120.00,125.00,344375.00,20662.50,323712.50,330600.00,6887.50,'2014-02-01','ACT'),(290,4,2,2,'Medium',1530.00,120.00,15.00,22950.00,1377.00,21573.00,15300.00,6273.00,'2014-05-01','ACT'),(291,4,1,3,'Medium',1496.00,120.00,350.00,523600.00,31416.00,492184.00,388960.00,103224.00,'2014-06-01','ACT'),(292,4,1,4,'Medium',1498.00,120.00,7.00,10486.00,629.16,9856.84,7490.00,2366.84,'2014-06-01','ACT'),(293,4,5,3,'Medium',1221.00,120.00,300.00,366300.00,21978.00,344322.00,305250.00,39072.00,'2013-10-01','ACT'),(294,4,1,3,'Medium',2076.00,120.00,350.00,726600.00,43596.00,683004.00,539760.00,143244.00,'2013-10-01','ACT'),(295,5,2,1,'Medium',2844.00,250.00,15.00,42660.00,2559.60,40100.40,28440.00,11660.40,'2014-06-01','ACT'),(296,5,1,4,'Medium',1498.00,250.00,7.00,10486.00,629.16,9856.84,7490.00,2366.84,'2014-06-01','ACT'),(297,5,5,3,'Medium',1221.00,250.00,300.00,366300.00,21978.00,344322.00,305250.00,39072.00,'2013-10-01','ACT'),(298,5,1,4,'Medium',1123.00,250.00,20.00,22460.00,1347.60,21112.40,11230.00,9882.40,'2013-11-01','ACT'),(299,5,5,1,'Medium',2436.00,250.00,300.00,730800.00,43848.00,686952.00,609000.00,77952.00,'2013-12-01','ACT'),(300,6,4,3,'Medium',1987.50,260.00,125.00,248437.50,14906.25,233531.25,238500.00,4968.75,'2014-01-01','ACT'),(301,6,1,4,'Medium',1679.00,260.00,350.00,587650.00,35259.00,552391.00,436540.00,115851.00,'2014-09-01','ACT'),(302,6,1,5,'Medium',727.00,260.00,350.00,254450.00,15267.00,239183.00,189020.00,50163.00,'2013-10-01','ACT'),(303,6,1,3,'Medium',1403.00,260.00,7.00,9821.00,589.26,9231.74,7015.00,2216.74,'2013-10-01','ACT'),(304,6,1,3,'Medium',2076.00,260.00,350.00,726600.00,43596.00,683004.00,539760.00,143244.00,'2013-10-01','ACT'),(305,2,1,3,'Medium',1757.00,5.00,20.00,35140.00,2108.40,33031.60,17570.00,15461.60,'2013-10-01','ACT'),(306,3,2,5,'Medium',2198.00,10.00,15.00,32970.00,1978.20,30991.80,21980.00,9011.80,'2014-08-01','ACT'),(307,3,2,2,'Medium',1743.00,10.00,15.00,26145.00,1568.70,24576.30,17430.00,7146.30,'2014-08-01','ACT'),(308,3,2,5,'Medium',1153.00,10.00,15.00,17295.00,1037.70,16257.30,11530.00,4727.30,'2014-10-01','ACT'),(309,3,1,3,'Medium',1757.00,10.00,20.00,35140.00,2108.40,33031.60,17570.00,15461.60,'2013-10-01','ACT'),(310,4,1,2,'Medium',1001.00,120.00,20.00,20020.00,1201.20,18818.80,10010.00,8808.80,'2014-08-01','ACT'),(311,4,1,4,'Medium',1333.00,120.00,7.00,9331.00,559.86,8771.14,6665.00,2106.14,'2014-11-01','ACT'),(312,5,2,5,'Medium',1153.00,250.00,15.00,17295.00,1037.70,16257.30,11530.00,4727.30,'2014-10-01','ACT'),(313,1,3,4,'Medium',727.00,3.00,12.00,8724.00,610.68,8113.32,2181.00,5932.32,'2014-02-01','ACT'),(314,1,3,1,'Medium',1884.00,3.00,12.00,22608.00,1582.56,21025.44,5652.00,15373.44,'2014-08-01','ACT'),(315,1,1,4,'Medium',1834.00,3.00,20.00,36680.00,2567.60,34112.40,18340.00,15772.40,'2013-09-01','ACT'),(316,2,3,4,'Medium',2340.00,5.00,12.00,28080.00,1965.60,26114.40,7020.00,19094.40,'2014-01-01','ACT'),(317,2,3,3,'Medium',2342.00,5.00,12.00,28104.00,1967.28,26136.72,7026.00,19110.72,'2014-11-01','ACT'),(318,3,1,3,'Medium',1031.00,10.00,7.00,7217.00,505.19,6711.81,5155.00,1556.81,'2013-09-01','ACT'),(319,4,2,1,'Medium',1262.00,120.00,15.00,18930.00,1325.10,17604.90,12620.00,4984.90,'2014-05-01','ACT'),(320,4,1,1,'Medium',1135.00,120.00,7.00,7945.00,556.15,7388.85,5675.00,1713.85,'2014-06-01','ACT'),(321,4,1,5,'Medium',547.00,120.00,7.00,3829.00,268.03,3560.97,2735.00,825.97,'2014-11-01','ACT'),(322,4,1,1,'Medium',1582.00,120.00,7.00,11074.00,775.18,10298.82,7910.00,2388.82,'2014-12-01','ACT'),(323,5,3,3,'Medium',1738.50,250.00,12.00,20862.00,1460.34,19401.66,5215.50,14186.16,'2014-04-01','ACT'),(324,5,3,2,'Medium',2215.00,250.00,12.00,26580.00,1860.60,24719.40,6645.00,18074.40,'2013-09-01','ACT'),(325,5,1,1,'Medium',1582.00,250.00,7.00,11074.00,775.18,10298.82,7910.00,2388.82,'2014-12-01','ACT'),(326,6,1,1,'Medium',1135.00,260.00,7.00,7945.00,556.15,7388.85,5675.00,1713.85,'2014-06-01','ACT'),(327,1,1,5,'Medium',1761.00,3.00,350.00,616350.00,43144.50,573205.50,457860.00,115345.50,'2014-03-01','ACT'),(328,1,5,3,'Medium',448.00,3.00,300.00,134400.00,9408.00,124992.00,112000.00,12992.00,'2014-06-01','ACT'),(329,1,5,3,'Medium',2181.00,3.00,300.00,654300.00,45801.00,608499.00,545250.00,63249.00,'2014-10-01','ACT'),(330,2,1,3,'Medium',1976.00,5.00,20.00,39520.00,2766.40,36753.60,19760.00,16993.60,'2014-10-01','ACT'),(331,2,5,3,'Medium',2181.00,5.00,300.00,654300.00,45801.00,608499.00,545250.00,63249.00,'2014-10-01','ACT'),(332,2,4,2,'Medium',2500.00,5.00,125.00,312500.00,21875.00,290625.00,300000.00,9375.00,'2013-11-01','ACT'),(333,3,5,1,'Medium',1702.00,10.00,300.00,510600.00,35742.00,474858.00,425500.00,49358.00,'2014-05-01','ACT'),(334,3,5,3,'Medium',448.00,10.00,300.00,134400.00,9408.00,124992.00,112000.00,12992.00,'2014-06-01','ACT'),(335,3,4,2,'Medium',3513.00,10.00,125.00,439125.00,30738.75,408386.25,421560.00,13173.75,'2014-07-01','ACT'),(336,3,2,3,'Medium',2101.00,10.00,15.00,31515.00,2206.05,29308.95,21010.00,8298.95,'2014-08-01','ACT'),(337,3,2,5,'Medium',2931.00,10.00,15.00,43965.00,3077.55,40887.45,29310.00,11577.45,'2013-09-01','ACT'),(338,3,1,3,'Medium',1535.00,10.00,20.00,30700.00,2149.00,28551.00,15350.00,13201.00,'2014-09-01','ACT'),(339,3,5,2,'Medium',1123.00,10.00,300.00,336900.00,23583.00,313317.00,280750.00,32567.00,'2013-09-01','ACT'),(340,3,5,1,'Medium',1404.00,10.00,300.00,421200.00,29484.00,391716.00,351000.00,40716.00,'2013-11-01','ACT'),(341,3,3,4,'Medium',2763.00,10.00,12.00,33156.00,2320.92,30835.08,8289.00,22546.08,'2013-11-01','ACT'),(342,3,1,2,'Medium',2125.00,10.00,7.00,14875.00,1041.25,13833.75,10625.00,3208.75,'2013-12-01','ACT'),(343,4,5,3,'Medium',1659.00,120.00,300.00,497700.00,34839.00,462861.00,414750.00,48111.00,'2014-07-01','ACT'),(344,4,1,4,'Medium',609.00,120.00,20.00,12180.00,852.60,11327.40,6090.00,5237.40,'2014-08-01','ACT'),(345,4,4,2,'Medium',2087.00,120.00,125.00,260875.00,18261.25,242613.75,250440.00,7826.25,'2014-09-01','ACT'),(346,4,1,3,'Medium',1976.00,120.00,20.00,39520.00,2766.40,36753.60,19760.00,16993.60,'2014-10-01','ACT'),(347,4,1,5,'Medium',1421.00,120.00,20.00,28420.00,1989.40,26430.60,14210.00,12220.60,'2013-12-01','ACT'),(348,4,5,5,'Medium',1372.00,120.00,300.00,411600.00,28812.00,382788.00,343000.00,39788.00,'2014-12-01','ACT'),(349,4,1,2,'Medium',588.00,120.00,20.00,11760.00,823.20,10936.80,5880.00,5056.80,'2013-12-01','ACT'),(350,5,3,1,'Medium',3244.50,250.00,12.00,38934.00,2725.38,36208.62,9733.50,26475.12,'2014-01-01','ACT'),(351,5,5,3,'Medium',959.00,250.00,300.00,287700.00,20139.00,267561.00,239750.00,27811.00,'2014-02-01','ACT'),(352,5,5,4,'Medium',2747.00,250.00,300.00,824100.00,57687.00,766413.00,686750.00,79663.00,'2014-02-01','ACT'),(353,6,4,1,'Medium',1645.00,260.00,125.00,205625.00,14393.75,191231.25,197400.00,6168.75,'2014-05-01','ACT'),(354,6,1,3,'Medium',2876.00,260.00,350.00,1006600.00,70462.00,936138.00,747760.00,188378.00,'2014-09-01','ACT'),(355,6,4,2,'Medium',994.00,260.00,125.00,124250.00,8697.50,115552.50,119280.00,3727.50,'2013-09-01','ACT'),(356,6,1,1,'Medium',1118.00,260.00,20.00,22360.00,1565.20,20794.80,11180.00,9614.80,'2014-11-01','ACT'),(357,6,5,5,'Medium',1372.00,260.00,300.00,411600.00,28812.00,382788.00,343000.00,39788.00,'2014-12-01','ACT'),(358,2,1,1,'Medium',488.00,5.00,7.00,3416.00,273.28,3142.72,2440.00,702.72,'2014-02-01','ACT'),(359,2,1,5,'Medium',1282.00,5.00,20.00,25640.00,2051.20,23588.80,12820.00,10768.80,'2014-06-01','ACT'),(360,3,1,1,'Medium',257.00,10.00,7.00,1799.00,143.92,1655.08,1285.00,370.08,'2014-05-01','ACT'),(361,6,1,5,'Medium',1282.00,260.00,20.00,25640.00,2051.20,23588.80,12820.00,10768.80,'2014-06-01','ACT'),(362,1,4,4,'Medium',1540.00,3.00,125.00,192500.00,15400.00,177100.00,184800.00,7700.00,'2014-08-01','ACT'),(363,1,2,3,'Medium',490.00,3.00,15.00,7350.00,588.00,6762.00,4900.00,1862.00,'2014-11-01','ACT'),(364,1,1,4,'Medium',1362.00,3.00,350.00,476700.00,38136.00,438564.00,354120.00,84444.00,'2014-12-01','ACT'),(365,2,2,3,'Medium',2501.00,5.00,15.00,37515.00,3001.20,34513.80,25010.00,9503.80,'2014-03-01','ACT'),(366,2,1,1,'Medium',708.00,5.00,20.00,14160.00,1132.80,13027.20,7080.00,5947.20,'2014-06-01','ACT'),(367,2,1,2,'Medium',645.00,5.00,20.00,12900.00,1032.00,11868.00,6450.00,5418.00,'2014-07-01','ACT'),(368,2,5,3,'Medium',1562.00,5.00,300.00,468600.00,37488.00,431112.00,390500.00,40612.00,'2014-08-01','ACT'),(369,2,5,1,'Medium',1283.00,5.00,300.00,384900.00,30792.00,354108.00,320750.00,33358.00,'2013-09-01','ACT'),(370,2,2,2,'Medium',711.00,5.00,15.00,10665.00,853.20,9811.80,7110.00,2701.80,'2014-12-01','ACT'),(371,3,4,4,'Medium',1114.00,10.00,125.00,139250.00,11140.00,128110.00,133680.00,5570.00,'2014-03-01','ACT'),(372,3,1,2,'Medium',1259.00,10.00,7.00,8813.00,705.04,8107.96,6295.00,1812.96,'2014-04-01','ACT'),(373,3,1,2,'Medium',1095.00,10.00,7.00,7665.00,613.20,7051.80,5475.00,1576.80,'2014-05-01','ACT'),(374,3,1,2,'Medium',1366.00,10.00,20.00,27320.00,2185.60,25134.40,13660.00,11474.40,'2014-06-01','ACT'),(375,3,5,4,'Medium',2460.00,10.00,300.00,738000.00,59040.00,678960.00,615000.00,63960.00,'2014-06-01','ACT'),(376,3,1,5,'Medium',678.00,10.00,7.00,4746.00,379.68,4366.32,3390.00,976.32,'2014-08-01','ACT'),(377,3,1,2,'Medium',1598.00,10.00,7.00,11186.00,894.88,10291.12,7990.00,2301.12,'2014-08-01','ACT'),(378,3,1,2,'Medium',2409.00,10.00,7.00,16863.00,1349.04,15513.96,12045.00,3468.96,'2013-09-01','ACT'),(379,3,1,2,'Medium',1934.00,10.00,20.00,38680.00,3094.40,35585.60,19340.00,16245.60,'2014-09-01','ACT'),(380,3,1,4,'Medium',2993.00,10.00,20.00,59860.00,4788.80,55071.20,29930.00,25141.20,'2014-09-01','ACT'),(381,3,1,2,'Medium',2146.00,10.00,350.00,751100.00,60088.00,691012.00,557960.00,133052.00,'2013-11-01','ACT'),(382,3,1,4,'Medium',1946.00,10.00,7.00,13622.00,1089.76,12532.24,9730.00,2802.24,'2013-12-01','ACT'),(383,3,1,4,'Medium',1362.00,10.00,350.00,476700.00,38136.00,438564.00,354120.00,84444.00,'2014-12-01','ACT'),(384,4,3,1,'Medium',598.00,120.00,12.00,7176.00,574.08,6601.92,1794.00,4807.92,'2014-03-01','ACT'),(385,4,1,5,'Medium',2907.00,120.00,7.00,20349.00,1627.92,18721.08,14535.00,4186.08,'2014-06-01','ACT'),(386,4,1,2,'Medium',2338.00,120.00,7.00,16366.00,1309.28,15056.72,11690.00,3366.72,'2014-06-01','ACT'),(387,4,5,3,'Medium',386.00,120.00,300.00,115800.00,9264.00,106536.00,96500.00,10036.00,'2013-11-01','ACT'),(388,4,5,4,'Medium',635.00,120.00,300.00,190500.00,15240.00,175260.00,158750.00,16510.00,'2014-12-01','ACT'),(389,5,1,3,'Medium',574.50,250.00,350.00,201075.00,16086.00,184989.00,149370.00,35619.00,'2014-04-01','ACT'),(390,5,1,2,'Medium',2338.00,250.00,7.00,16366.00,1309.28,15056.72,11690.00,3366.72,'2014-06-01','ACT'),(391,5,1,3,'Medium',381.00,250.00,350.00,133350.00,10668.00,122682.00,99060.00,23622.00,'2014-08-01','ACT'),(392,5,1,2,'Medium',422.00,250.00,350.00,147700.00,11816.00,135884.00,109720.00,26164.00,'2014-08-01','ACT'),(393,5,5,1,'Medium',2134.00,250.00,300.00,640200.00,51216.00,588984.00,533500.00,55484.00,'2014-09-01','ACT'),(394,5,5,5,'Medium',808.00,250.00,300.00,242400.00,19392.00,223008.00,202000.00,21008.00,'2013-12-01','ACT'),(395,6,1,1,'Medium',708.00,260.00,20.00,14160.00,1132.80,13027.20,7080.00,5947.20,'2014-06-01','ACT'),(396,6,1,5,'Medium',2907.00,260.00,7.00,20349.00,1627.92,18721.08,14535.00,4186.08,'2014-06-01','ACT'),(397,6,1,2,'Medium',1366.00,260.00,20.00,27320.00,2185.60,25134.40,13660.00,11474.40,'2014-06-01','ACT'),(398,6,5,4,'Medium',2460.00,260.00,300.00,738000.00,59040.00,678960.00,615000.00,63960.00,'2014-06-01','ACT'),(399,6,1,2,'Medium',1520.00,260.00,20.00,30400.00,2432.00,27968.00,15200.00,12768.00,'2014-11-01','ACT'),(400,6,2,2,'Medium',711.00,260.00,15.00,10665.00,853.20,9811.80,7110.00,2701.80,'2014-12-01','ACT'),(401,6,3,4,'Medium',1375.00,260.00,12.00,16500.00,1320.00,15180.00,4125.00,11055.00,'2013-12-01','ACT'),(402,6,5,4,'Medium',635.00,260.00,300.00,190500.00,15240.00,175260.00,158750.00,16510.00,'2014-12-01','ACT'),(403,5,1,5,'Medium',436.50,250.00,20.00,8730.00,698.40,8031.60,4365.00,3666.60,'2014-07-01','ACT'),(404,1,5,1,'Medium',1094.00,3.00,300.00,328200.00,29538.00,298662.00,273500.00,25162.00,'2014-06-01','ACT'),(405,1,3,4,'Medium',367.00,3.00,12.00,4404.00,396.36,4007.64,1101.00,2906.64,'2013-10-01','ACT'),(406,2,5,1,'Medium',3802.50,5.00,300.00,1140750.00,102667.50,1038082.50,950625.00,87457.50,'2014-04-01','ACT'),(407,2,1,3,'Medium',1666.00,5.00,350.00,583100.00,52479.00,530621.00,433160.00,97461.00,'2014-05-01','ACT'),(408,2,5,3,'Medium',322.00,5.00,300.00,96600.00,8694.00,87906.00,80500.00,7406.00,'2013-09-01','ACT'),(409,2,3,1,'Medium',2321.00,5.00,12.00,27852.00,2506.68,25345.32,6963.00,18382.32,'2014-11-01','ACT'),(410,2,4,3,'Medium',1857.00,5.00,125.00,232125.00,20891.25,211233.75,222840.00,11606.25,'2013-11-01','ACT'),(411,2,1,1,'Medium',1611.00,5.00,7.00,11277.00,1014.93,10262.07,8055.00,2207.07,'2013-12-01','ACT'),(412,2,4,5,'Medium',2797.00,5.00,125.00,349625.00,31466.25,318158.75,335640.00,17481.25,'2014-12-01','ACT'),(413,2,5,2,'Medium',334.00,5.00,300.00,100200.00,9018.00,91182.00,83500.00,7682.00,'2013-12-01','ACT'),(414,3,5,4,'Medium',2565.00,10.00,300.00,769500.00,69255.00,700245.00,641250.00,58995.00,'2014-01-01','ACT'),(415,3,1,4,'Medium',2417.00,10.00,350.00,845950.00,76135.50,769814.50,628420.00,141394.50,'2014-01-01','ACT'),(416,3,2,5,'Medium',3675.00,10.00,15.00,55125.00,4961.25,50163.75,36750.00,13413.75,'2014-04-01','ACT'),(417,3,5,1,'Medium',1094.00,10.00,300.00,328200.00,29538.00,298662.00,273500.00,25162.00,'2014-06-01','ACT'),(418,3,2,3,'Medium',1227.00,10.00,15.00,18405.00,1656.45,16748.55,12270.00,4478.55,'2014-10-01','ACT'),(419,3,3,4,'Medium',367.00,10.00,12.00,4404.00,396.36,4007.64,1101.00,2906.64,'2013-10-01','ACT'),(420,3,5,3,'Medium',1324.00,10.00,300.00,397200.00,35748.00,361452.00,331000.00,30452.00,'2014-11-01','ACT'),(421,3,3,2,'Medium',1775.00,10.00,12.00,21300.00,1917.00,19383.00,5325.00,14058.00,'2013-11-01','ACT'),(422,3,4,5,'Medium',2797.00,10.00,125.00,349625.00,31466.25,318158.75,335640.00,17481.25,'2014-12-01','ACT'),(423,4,2,4,'Medium',245.00,120.00,15.00,3675.00,330.75,3344.25,2450.00,894.25,'2014-05-01','ACT'),(424,4,5,1,'Medium',3793.50,120.00,300.00,1138050.00,102424.50,1035625.50,948375.00,87250.50,'2014-07-01','ACT'),(425,4,1,2,'Medium',1307.00,120.00,350.00,457450.00,41170.50,416279.50,339820.00,76459.50,'2014-07-01','ACT'),(426,4,4,1,'Medium',567.00,120.00,125.00,70875.00,6378.75,64496.25,68040.00,3543.75,'2014-09-01','ACT'),(427,4,4,4,'Medium',2110.00,120.00,125.00,263750.00,23737.50,240012.50,253200.00,13187.50,'2014-09-01','ACT'),(428,4,1,1,'Medium',1269.00,120.00,350.00,444150.00,39973.50,404176.50,329940.00,74236.50,'2014-10-01','ACT'),(429,5,3,5,'Medium',1956.00,250.00,12.00,23472.00,2112.48,21359.52,5868.00,15491.52,'2014-01-01','ACT'),(430,5,5,2,'Medium',2659.00,250.00,300.00,797700.00,71793.00,725907.00,664750.00,61157.00,'2014-02-01','ACT'),(431,5,1,5,'Medium',1351.50,250.00,350.00,473025.00,42572.25,430452.75,351390.00,79062.75,'2014-04-01','ACT'),(432,5,3,2,'Medium',880.00,250.00,12.00,10560.00,950.40,9609.60,2640.00,6969.60,'2014-05-01','ACT'),(433,5,5,5,'Medium',1867.00,250.00,300.00,560100.00,50409.00,509691.00,466750.00,42941.00,'2014-09-01','ACT'),(434,5,3,3,'Medium',2234.00,250.00,12.00,26808.00,2412.72,24395.28,6702.00,17693.28,'2013-09-01','ACT'),(435,5,2,3,'Medium',1227.00,250.00,15.00,18405.00,1656.45,16748.55,12270.00,4478.55,'2014-10-01','ACT'),(436,5,4,4,'Medium',877.00,250.00,125.00,109625.00,9866.25,99758.75,105240.00,5481.25,'2014-11-01','ACT'),(437,6,1,5,'Medium',2071.00,260.00,350.00,724850.00,65236.50,659613.50,538460.00,121153.50,'2014-09-01','ACT'),(438,6,1,1,'Medium',1269.00,260.00,350.00,444150.00,39973.50,404176.50,329940.00,74236.50,'2014-10-01','ACT'),(439,6,2,2,'Medium',970.00,260.00,15.00,14550.00,1309.50,13240.50,9700.00,3540.50,'2013-11-01','ACT'),(440,6,1,4,'Medium',1694.00,260.00,20.00,33880.00,3049.20,30830.80,16940.00,13890.80,'2014-11-01','ACT'),(441,1,1,2,'Medium',663.00,3.00,20.00,13260.00,1193.40,12066.60,6630.00,5436.60,'2014-05-01','ACT'),(442,1,1,1,'Medium',819.00,3.00,7.00,5733.00,515.97,5217.03,4095.00,1122.03,'2014-07-01','ACT'),(443,1,3,2,'Medium',1580.00,3.00,12.00,18960.00,1706.40,17253.60,4740.00,12513.60,'2014-09-01','ACT'),(444,1,1,4,'Medium',521.00,3.00,7.00,3647.00,328.23,3318.77,2605.00,713.77,'2014-12-01','ACT'),(445,3,1,5,'Medium',973.00,10.00,20.00,19460.00,1751.40,17708.60,9730.00,7978.60,'2014-03-01','ACT'),(446,3,1,4,'Medium',1038.00,10.00,20.00,20760.00,1868.40,18891.60,10380.00,8511.60,'2014-06-01','ACT'),(447,3,1,2,'Medium',360.00,10.00,7.00,2520.00,226.80,2293.20,1800.00,493.20,'2014-10-01','ACT'),(448,4,3,3,'Medium',1967.00,120.00,12.00,23604.00,2124.36,21479.64,5901.00,15578.64,'2014-03-01','ACT'),(449,4,2,4,'Medium',2628.00,120.00,15.00,39420.00,3547.80,35872.20,26280.00,9592.20,'2014-04-01','ACT'),(450,5,1,2,'Medium',360.00,250.00,7.00,2520.00,226.80,2293.20,1800.00,493.20,'2014-10-01','ACT'),(451,5,1,3,'Medium',2682.00,250.00,20.00,53640.00,4827.60,48812.40,26820.00,21992.40,'2013-11-01','ACT'),(452,5,1,4,'Medium',521.00,250.00,7.00,3647.00,328.23,3318.77,2605.00,713.77,'2014-12-01','ACT'),(453,6,1,4,'Medium',1038.00,260.00,20.00,20760.00,1868.40,18891.60,10380.00,8511.60,'2014-06-01','ACT'),(454,6,2,1,'Medium',1630.50,260.00,15.00,24457.50,2201.18,22256.33,16305.00,5951.33,'2014-07-01','ACT'),(455,6,3,3,'Medium',306.00,260.00,12.00,3672.00,330.48,3341.52,918.00,2423.52,'2013-12-01','ACT'),(456,1,3,5,'High',386.00,3.00,12.00,4632.00,463.20,4168.80,1158.00,3010.80,'2013-10-01','ACT'),(457,2,1,5,'High',2328.00,5.00,7.00,16296.00,1629.60,14666.40,11640.00,3026.40,'2014-09-01','ACT'),(458,3,3,5,'High',386.00,10.00,12.00,4632.00,463.20,4168.80,1158.00,3010.80,'2013-10-01','ACT'),(459,1,4,5,'High',3445.50,3.00,125.00,430687.50,43068.75,387618.75,413460.00,25841.25,'2014-04-01','ACT'),(460,1,4,3,'High',1482.00,3.00,125.00,185250.00,18525.00,166725.00,177840.00,11115.00,'2013-12-01','ACT'),(461,2,1,5,'High',2313.00,5.00,350.00,809550.00,80955.00,728595.00,601380.00,127215.00,'2014-05-01','ACT'),(462,2,4,5,'High',1804.00,5.00,125.00,225500.00,22550.00,202950.00,216480.00,13530.00,'2013-11-01','ACT'),(463,2,2,3,'High',2072.00,5.00,15.00,31080.00,3108.00,27972.00,20720.00,7252.00,'2014-12-01','ACT'),(464,3,1,3,'High',1954.00,10.00,20.00,39080.00,3908.00,35172.00,19540.00,15632.00,'2014-03-01','ACT'),(465,3,5,4,'High',591.00,10.00,300.00,177300.00,17730.00,159570.00,147750.00,11820.00,'2014-05-01','ACT'),(466,3,2,3,'High',2167.00,10.00,15.00,32505.00,3250.50,29254.50,21670.00,7584.50,'2013-10-01','ACT'),(467,3,1,2,'High',241.00,10.00,20.00,4820.00,482.00,4338.00,2410.00,1928.00,'2014-10-01','ACT'),(468,4,2,2,'High',681.00,120.00,15.00,10215.00,1021.50,9193.50,6810.00,2383.50,'2014-01-01','ACT'),(469,4,2,2,'High',510.00,120.00,15.00,7650.00,765.00,6885.00,5100.00,1785.00,'2014-04-01','ACT'),(470,4,2,5,'High',790.00,120.00,15.00,11850.00,1185.00,10665.00,7900.00,2765.00,'2014-05-01','ACT'),(471,4,1,3,'High',639.00,120.00,350.00,223650.00,22365.00,201285.00,166140.00,35145.00,'2014-07-01','ACT'),(472,4,4,5,'High',1596.00,120.00,125.00,199500.00,19950.00,179550.00,191520.00,11970.00,'2014-09-01','ACT'),(473,4,5,5,'High',2294.00,120.00,300.00,688200.00,68820.00,619380.00,573500.00,45880.00,'2013-10-01','ACT'),(474,4,1,2,'High',241.00,120.00,20.00,4820.00,482.00,4338.00,2410.00,1928.00,'2014-10-01','ACT'),(475,4,1,2,'High',2665.00,120.00,7.00,18655.00,1865.50,16789.50,13325.00,3464.50,'2014-11-01','ACT'),(476,4,4,1,'High',1916.00,120.00,125.00,239500.00,23950.00,215550.00,229920.00,14370.00,'2013-12-01','ACT'),(477,4,5,3,'High',853.00,120.00,300.00,255900.00,25590.00,230310.00,213250.00,17060.00,'2014-12-01','ACT'),(478,5,4,4,'High',341.00,250.00,125.00,42625.00,4262.50,38362.50,40920.00,2557.50,'2014-05-01','ACT'),(479,5,2,4,'High',641.00,250.00,15.00,9615.00,961.50,8653.50,6410.00,2243.50,'2014-07-01','ACT'),(480,5,1,5,'High',2807.00,250.00,350.00,982450.00,98245.00,884205.00,729820.00,154385.00,'2014-08-01','ACT'),(481,5,5,4,'High',432.00,250.00,300.00,129600.00,12960.00,116640.00,108000.00,8640.00,'2014-09-01','ACT'),(482,5,5,5,'High',2294.00,250.00,300.00,688200.00,68820.00,619380.00,573500.00,45880.00,'2013-10-01','ACT'),(483,5,2,3,'High',2167.00,250.00,15.00,32505.00,3250.50,29254.50,21670.00,7584.50,'2013-10-01','ACT'),(484,5,4,1,'High',2529.00,250.00,125.00,316125.00,31612.50,284512.50,303480.00,18967.50,'2014-11-01','ACT'),(485,5,1,2,'High',1870.00,250.00,350.00,654500.00,65450.00,589050.00,486200.00,102850.00,'2013-12-01','ACT'),(486,6,4,5,'High',579.00,260.00,125.00,72375.00,7237.50,65137.50,69480.00,4342.50,'2014-01-01','ACT'),(487,6,1,1,'High',2240.00,260.00,350.00,784000.00,78400.00,705600.00,582400.00,123200.00,'2014-02-01','ACT'),(488,6,5,5,'High',2993.00,260.00,300.00,897900.00,89790.00,808110.00,748250.00,59860.00,'2014-03-01','ACT'),(489,6,3,1,'High',3520.50,260.00,12.00,42246.00,4224.60,38021.40,10561.50,27459.90,'2014-04-01','ACT'),(490,6,1,4,'High',2039.00,260.00,20.00,40780.00,4078.00,36702.00,20390.00,16312.00,'2014-05-01','ACT'),(491,6,3,2,'High',2574.00,260.00,12.00,30888.00,3088.80,27799.20,7722.00,20077.20,'2014-08-01','ACT'),(492,6,1,1,'High',707.00,260.00,350.00,247450.00,24745.00,222705.00,183820.00,38885.00,'2014-09-01','ACT'),(493,6,2,3,'High',2072.00,260.00,15.00,31080.00,3108.00,27972.00,20720.00,7252.00,'2014-12-01','ACT'),(494,6,5,3,'High',853.00,260.00,300.00,255900.00,25590.00,230310.00,213250.00,17060.00,'2014-12-01','ACT'),(495,1,3,3,'High',1198.00,3.00,12.00,14376.00,1581.36,12794.64,3594.00,9200.64,'2013-10-01','ACT'),(496,3,1,3,'High',2532.00,10.00,7.00,17724.00,1949.64,15774.36,12660.00,3114.36,'2014-04-01','ACT'),(497,3,3,3,'High',1198.00,10.00,12.00,14376.00,1581.36,12794.64,3594.00,9200.64,'2013-10-01','ACT'),(498,4,2,1,'High',384.00,120.00,15.00,5760.00,633.60,5126.40,3840.00,1286.40,'2014-01-01','ACT'),(499,4,3,2,'High',472.00,120.00,12.00,5664.00,623.04,5040.96,1416.00,3624.96,'2014-10-01','ACT'),(500,5,1,5,'High',1579.00,250.00,7.00,11053.00,1215.83,9837.17,7895.00,1942.17,'2014-03-01','ACT'),(501,5,3,4,'High',1005.00,250.00,12.00,12060.00,1326.60,10733.40,3015.00,7718.40,'2013-09-01','ACT'),(502,6,2,5,'High',3199.50,260.00,15.00,47992.50,5279.18,42713.33,31995.00,10718.33,'2014-07-01','ACT'),(503,6,3,2,'High',472.00,260.00,12.00,5664.00,623.04,5040.96,1416.00,3624.96,'2014-10-01','ACT'),(504,1,3,1,'High',1937.00,3.00,12.00,23244.00,2556.84,20687.16,5811.00,14876.16,'2014-02-01','ACT'),(505,1,1,2,'High',792.00,3.00,350.00,277200.00,30492.00,246708.00,205920.00,40788.00,'2014-03-01','ACT'),(506,1,5,2,'High',2811.00,3.00,300.00,843300.00,92763.00,750537.00,702750.00,47787.00,'2014-07-01','ACT'),(507,1,4,3,'High',2441.00,3.00,125.00,305125.00,33563.75,271561.25,292920.00,21358.75,'2014-10-01','ACT'),(508,1,2,1,'High',1560.00,3.00,15.00,23400.00,2574.00,20826.00,15600.00,5226.00,'2013-11-01','ACT'),(509,1,1,4,'High',2706.00,3.00,7.00,18942.00,2083.62,16858.38,13530.00,3328.38,'2013-11-01','ACT'),(510,2,1,2,'High',766.00,5.00,350.00,268100.00,29491.00,238609.00,199160.00,39449.00,'2014-01-01','ACT'),(511,2,1,2,'High',2992.00,5.00,20.00,59840.00,6582.40,53257.60,29920.00,23337.60,'2013-10-01','ACT'),(512,2,2,4,'High',2157.00,5.00,15.00,32355.00,3559.05,28795.95,21570.00,7225.95,'2014-12-01','ACT'),(513,3,5,1,'High',873.00,10.00,300.00,261900.00,28809.00,233091.00,218250.00,14841.00,'2014-01-01','ACT'),(514,3,1,4,'High',1122.00,10.00,20.00,22440.00,2468.40,19971.60,11220.00,8751.60,'2014-03-01','ACT'),(515,3,1,1,'High',2104.50,10.00,350.00,736575.00,81023.25,655551.75,547170.00,108381.75,'2014-07-01','ACT'),(516,3,3,1,'High',4026.00,10.00,12.00,48312.00,5314.32,42997.68,12078.00,30919.68,'2014-07-01','ACT'),(517,3,3,3,'High',2425.50,10.00,12.00,29106.00,3201.66,25904.34,7276.50,18627.84,'2014-07-01','ACT'),(518,3,1,1,'High',2394.00,10.00,20.00,47880.00,5266.80,42613.20,23940.00,18673.20,'2014-08-01','ACT'),(519,3,2,4,'High',1984.00,10.00,15.00,29760.00,3273.60,26486.40,19840.00,6646.40,'2014-08-01','ACT'),(520,3,4,3,'High',2441.00,10.00,125.00,305125.00,33563.75,271561.25,292920.00,21358.75,'2014-10-01','ACT'),(521,3,1,2,'High',2992.00,10.00,20.00,59840.00,6582.40,53257.60,29920.00,23337.60,'2013-10-01','ACT'),(522,3,5,1,'High',1366.00,10.00,300.00,409800.00,45078.00,364722.00,341500.00,23222.00,'2014-11-01','ACT'),(523,4,1,3,'High',2805.00,120.00,20.00,56100.00,6171.00,49929.00,28050.00,21879.00,'2013-09-01','ACT'),(524,4,2,4,'High',655.00,120.00,15.00,9825.00,1080.75,8744.25,6550.00,2194.25,'2013-09-01','ACT'),(525,4,1,4,'High',344.00,120.00,350.00,120400.00,13244.00,107156.00,89440.00,17716.00,'2013-10-01','ACT'),(526,4,1,1,'High',1808.00,120.00,7.00,12656.00,1392.16,11263.84,9040.00,2223.84,'2014-11-01','ACT'),(527,5,3,3,'High',1734.00,250.00,12.00,20808.00,2288.88,18519.12,5202.00,13317.12,'2014-01-01','ACT'),(528,5,4,4,'High',554.00,250.00,125.00,69250.00,7617.50,61632.50,66480.00,4847.50,'2014-01-01','ACT'),(529,5,1,1,'High',2935.00,250.00,20.00,58700.00,6457.00,52243.00,29350.00,22893.00,'2013-11-01','ACT'),(530,6,4,2,'High',3165.00,260.00,125.00,395625.00,43518.75,352106.25,379800.00,27693.75,'2014-01-01','ACT'),(531,6,1,4,'High',2629.00,260.00,20.00,52580.00,5783.80,46796.20,26290.00,20506.20,'2014-01-01','ACT'),(532,6,4,3,'High',1433.00,260.00,125.00,179125.00,19703.75,159421.25,171960.00,12538.75,'2014-05-01','ACT'),(533,6,4,4,'High',947.00,260.00,125.00,118375.00,13021.25,105353.75,113640.00,8286.25,'2013-09-01','ACT'),(534,6,1,4,'High',344.00,260.00,350.00,120400.00,13244.00,107156.00,89440.00,17716.00,'2013-10-01','ACT'),(535,6,2,4,'High',2157.00,260.00,15.00,32355.00,3559.05,28795.95,21570.00,7225.95,'2014-12-01','ACT'),(536,3,1,5,'High',380.00,10.00,7.00,2660.00,292.60,2367.40,1900.00,467.40,'2013-09-01','ACT'),(537,1,1,4,'High',886.00,3.00,350.00,310100.00,37212.00,272888.00,230360.00,42528.00,'2014-06-01','ACT'),(538,1,4,1,'High',2416.00,3.00,125.00,302000.00,36240.00,265760.00,289920.00,24160.00,'2013-09-01','ACT'),(539,1,4,4,'High',2156.00,3.00,125.00,269500.00,32340.00,237160.00,258720.00,21560.00,'2014-10-01','ACT'),(540,1,2,1,'High',2689.00,3.00,15.00,40335.00,4840.20,35494.80,26890.00,8604.80,'2014-11-01','ACT'),(541,2,2,5,'High',677.00,5.00,15.00,10155.00,1218.60,8936.40,6770.00,2166.40,'2014-03-01','ACT'),(542,2,5,3,'High',1773.00,5.00,300.00,531900.00,63828.00,468072.00,443250.00,24822.00,'2014-04-01','ACT'),(543,2,1,4,'High',2420.00,5.00,7.00,16940.00,2032.80,14907.20,12100.00,2807.20,'2014-09-01','ACT'),(544,2,1,1,'High',2734.00,5.00,7.00,19138.00,2296.56,16841.44,13670.00,3171.44,'2014-10-01','ACT'),(545,2,1,4,'High',1715.00,5.00,20.00,34300.00,4116.00,30184.00,17150.00,13034.00,'2013-10-01','ACT'),(546,2,5,3,'High',1186.00,5.00,300.00,355800.00,42696.00,313104.00,296500.00,16604.00,'2013-12-01','ACT'),(547,3,5,5,'High',3495.00,10.00,300.00,1048500.00,125820.00,922680.00,873750.00,48930.00,'2014-01-01','ACT'),(548,3,1,4,'High',886.00,10.00,350.00,310100.00,37212.00,272888.00,230360.00,42528.00,'2014-06-01','ACT'),(549,3,4,4,'High',2156.00,10.00,125.00,269500.00,32340.00,237160.00,258720.00,21560.00,'2014-10-01','ACT'),(550,3,1,4,'High',905.00,10.00,20.00,18100.00,2172.00,15928.00,9050.00,6878.00,'2014-10-01','ACT'),(551,3,1,4,'High',1715.00,10.00,20.00,34300.00,4116.00,30184.00,17150.00,13034.00,'2013-10-01','ACT'),(552,3,1,3,'High',1594.00,10.00,350.00,557900.00,66948.00,490952.00,414440.00,76512.00,'2014-11-01','ACT'),(553,3,5,2,'High',1359.00,10.00,300.00,407700.00,48924.00,358776.00,339750.00,19026.00,'2014-11-01','ACT'),(554,3,5,4,'High',2150.00,10.00,300.00,645000.00,77400.00,567600.00,537500.00,30100.00,'2014-11-01','ACT'),(555,3,1,4,'High',1197.00,10.00,350.00,418950.00,50274.00,368676.00,311220.00,57456.00,'2014-11-01','ACT'),(556,3,2,4,'High',380.00,10.00,15.00,5700.00,684.00,5016.00,3800.00,1216.00,'2013-12-01','ACT'),(557,3,1,4,'High',1233.00,10.00,20.00,24660.00,2959.20,21700.80,12330.00,9370.80,'2014-12-01','ACT'),(558,4,1,4,'High',1395.00,120.00,350.00,488250.00,58590.00,429660.00,362700.00,66960.00,'2014-07-01','ACT'),(559,4,1,5,'High',986.00,120.00,350.00,345100.00,41412.00,303688.00,256360.00,47328.00,'2014-10-01','ACT'),(560,4,1,4,'High',905.00,120.00,20.00,18100.00,2172.00,15928.00,9050.00,6878.00,'2014-10-01','ACT'),(561,5,3,1,'High',2109.00,250.00,12.00,25308.00,3036.96,22271.04,6327.00,15944.04,'2014-05-01','ACT'),(562,5,2,3,'High',3874.50,250.00,15.00,58117.50,6974.10,51143.40,38745.00,12398.40,'2014-07-01','ACT'),(563,5,1,1,'High',623.00,250.00,350.00,218050.00,26166.00,191884.00,161980.00,29904.00,'2013-09-01','ACT'),(564,5,1,5,'High',986.00,250.00,350.00,345100.00,41412.00,303688.00,256360.00,47328.00,'2014-10-01','ACT'),(565,5,4,5,'High',2387.00,250.00,125.00,298375.00,35805.00,262570.00,286440.00,23870.00,'2014-11-01','ACT'),(566,5,1,4,'High',1233.00,250.00,20.00,24660.00,2959.20,21700.80,12330.00,9370.80,'2014-12-01','ACT'),(567,6,1,5,'High',270.00,260.00,350.00,94500.00,11340.00,83160.00,70200.00,12960.00,'2014-02-01','ACT'),(568,6,1,3,'High',3421.50,260.00,7.00,23950.50,2874.06,21076.44,17107.50,3968.94,'2014-07-01','ACT'),(569,6,1,1,'High',2734.00,260.00,7.00,19138.00,2296.56,16841.44,13670.00,3171.44,'2014-10-01','ACT'),(570,6,2,5,'High',2548.00,260.00,15.00,38220.00,4586.40,33633.60,25480.00,8153.60,'2013-11-01','ACT'),(571,1,1,3,'High',2521.50,3.00,20.00,50430.00,6051.60,44378.40,25215.00,19163.40,'2014-01-01','ACT'),(572,2,3,4,'High',2661.00,5.00,12.00,31932.00,3831.84,28100.16,7983.00,20117.16,'2014-05-01','ACT'),(573,3,1,2,'High',1531.00,10.00,20.00,30620.00,3674.40,26945.60,15310.00,11635.60,'2014-12-01','ACT'),(574,5,1,3,'High',1491.00,250.00,7.00,10437.00,1252.44,9184.56,7455.00,1729.56,'2014-03-01','ACT'),(575,5,1,2,'High',1531.00,250.00,20.00,30620.00,3674.40,26945.60,15310.00,11635.60,'2014-12-01','ACT'),(576,6,3,1,'High',2761.00,260.00,12.00,33132.00,3975.84,29156.16,8283.00,20873.16,'2013-09-01','ACT'),(577,1,2,5,'High',2567.00,3.00,15.00,38505.00,5005.65,33499.35,25670.00,7829.35,'2014-06-01','ACT'),(578,5,2,5,'High',2567.00,250.00,15.00,38505.00,5005.65,33499.35,25670.00,7829.35,'2014-06-01','ACT'),(579,1,1,1,'High',923.00,3.00,350.00,323050.00,41996.50,281053.50,239980.00,41073.50,'2014-03-01','ACT'),(580,1,1,3,'High',1790.00,3.00,350.00,626500.00,81445.00,545055.00,465400.00,79655.00,'2014-03-01','ACT'),(581,1,1,2,'High',442.00,3.00,20.00,8840.00,1149.20,7690.80,4420.00,3270.80,'2013-09-01','ACT'),(582,2,1,5,'High',982.50,5.00,350.00,343875.00,44703.75,299171.25,255450.00,43721.25,'2014-01-01','ACT'),(583,2,1,5,'High',1298.00,5.00,7.00,9086.00,1181.18,7904.82,6490.00,1414.82,'2014-02-01','ACT'),(584,2,3,4,'High',604.00,5.00,12.00,7248.00,942.24,6305.76,1812.00,4493.76,'2014-06-01','ACT'),(585,2,1,4,'High',2255.00,5.00,20.00,45100.00,5863.00,39237.00,22550.00,16687.00,'2014-07-01','ACT'),(586,2,1,1,'High',1249.00,5.00,20.00,24980.00,3247.40,21732.60,12490.00,9242.60,'2014-10-01','ACT'),(587,3,1,5,'High',1438.50,10.00,7.00,10069.50,1309.04,8760.47,7192.50,1567.97,'2014-01-01','ACT'),(588,3,5,2,'High',807.00,10.00,300.00,242100.00,31473.00,210627.00,201750.00,8877.00,'2014-01-01','ACT'),(589,3,1,5,'High',2641.00,10.00,20.00,52820.00,6866.60,45953.40,26410.00,19543.40,'2014-02-01','ACT'),(590,3,1,2,'High',2708.00,10.00,20.00,54160.00,7040.80,47119.20,27080.00,20039.20,'2014-02-01','ACT'),(591,3,1,1,'High',2632.00,10.00,350.00,921200.00,119756.00,801444.00,684320.00,117124.00,'2014-06-01','ACT'),(592,3,4,1,'High',1583.00,10.00,125.00,197875.00,25723.75,172151.25,189960.00,17808.75,'2014-06-01','ACT'),(593,3,3,4,'High',571.00,10.00,12.00,6852.00,890.76,5961.24,1713.00,4248.24,'2014-07-01','ACT'),(594,3,1,3,'High',2696.00,10.00,7.00,18872.00,2453.36,16418.64,13480.00,2938.64,'2014-08-01','ACT'),(595,3,2,1,'High',1565.00,10.00,15.00,23475.00,3051.75,20423.25,15650.00,4773.25,'2014-10-01','ACT'),(596,3,1,1,'High',1249.00,10.00,20.00,24980.00,3247.40,21732.60,12490.00,9242.60,'2014-10-01','ACT'),(597,3,1,2,'High',357.00,10.00,350.00,124950.00,16243.50,108706.50,92820.00,15886.50,'2014-11-01','ACT'),(598,3,3,2,'High',1013.00,10.00,12.00,12156.00,1580.28,10575.72,3039.00,7536.72,'2014-12-01','ACT'),(599,4,2,3,'High',3997.50,120.00,15.00,59962.50,7795.13,52167.38,39975.00,12192.38,'2014-01-01','ACT'),(600,4,1,1,'High',2632.00,120.00,350.00,921200.00,119756.00,801444.00,684320.00,117124.00,'2014-06-01','ACT'),(601,4,1,3,'High',1190.00,120.00,7.00,8330.00,1082.90,7247.10,5950.00,1297.10,'2014-06-01','ACT'),(602,4,3,4,'High',604.00,120.00,12.00,7248.00,942.24,6305.76,1812.00,4493.76,'2014-06-01','ACT'),(603,4,2,2,'High',660.00,120.00,15.00,9900.00,1287.00,8613.00,6600.00,2013.00,'2013-09-01','ACT'),(604,4,3,4,'High',410.00,120.00,12.00,4920.00,639.60,4280.40,1230.00,3050.40,'2014-10-01','ACT'),(605,4,5,4,'High',2605.00,120.00,300.00,781500.00,101595.00,679905.00,651250.00,28655.00,'2013-11-01','ACT'),(606,4,3,2,'High',1013.00,120.00,12.00,12156.00,1580.28,10575.72,3039.00,7536.72,'2014-12-01','ACT'),(607,5,4,1,'High',1583.00,250.00,125.00,197875.00,25723.75,172151.25,189960.00,17808.75,'2014-06-01','ACT'),(608,5,2,1,'High',1565.00,250.00,15.00,23475.00,3051.75,20423.25,15650.00,4773.25,'2014-10-01','ACT'),(609,6,4,1,'High',1659.00,260.00,125.00,207375.00,26958.75,180416.25,199080.00,18663.75,'2014-01-01','ACT'),(610,6,1,3,'High',1190.00,260.00,7.00,8330.00,1082.90,7247.10,5950.00,1297.10,'2014-06-01','ACT'),(611,6,3,4,'High',410.00,260.00,12.00,4920.00,639.60,4280.40,1230.00,3050.40,'2014-10-01','ACT'),(612,6,3,2,'High',1770.00,260.00,12.00,21240.00,2761.20,18478.80,5310.00,13168.80,'2013-12-01','ACT'),(613,1,1,4,'High',2579.00,3.00,20.00,51580.00,7221.20,44358.80,25790.00,18568.80,'2014-04-01','ACT'),(614,1,1,5,'High',1743.00,3.00,20.00,34860.00,4880.40,29979.60,17430.00,12549.60,'2014-05-01','ACT'),(615,1,1,5,'High',2996.00,3.00,7.00,20972.00,2936.08,18035.92,14980.00,3055.92,'2013-10-01','ACT'),(616,1,1,2,'High',280.00,3.00,7.00,1960.00,274.40,1685.60,1400.00,285.60,'2014-12-01','ACT'),(617,2,1,3,'High',293.00,5.00,7.00,2051.00,287.14,1763.86,1465.00,298.86,'2014-02-01','ACT'),(618,2,1,5,'High',2996.00,5.00,7.00,20972.00,2936.08,18035.92,14980.00,3055.92,'2013-10-01','ACT'),(619,3,2,2,'High',278.00,10.00,15.00,4170.00,583.80,3586.20,2780.00,806.20,'2014-02-01','ACT'),(620,3,1,1,'High',2428.00,10.00,20.00,48560.00,6798.40,41761.60,24280.00,17481.60,'2014-03-01','ACT'),(621,3,2,5,'High',1767.00,10.00,15.00,26505.00,3710.70,22794.30,17670.00,5124.30,'2014-09-01','ACT'),(622,3,3,3,'High',1393.00,10.00,12.00,16716.00,2340.24,14375.76,4179.00,10196.76,'2014-10-01','ACT'),(623,5,1,2,'High',280.00,250.00,7.00,1960.00,274.40,1685.60,1400.00,285.60,'2014-12-01','ACT'),(624,6,3,3,'High',1393.00,260.00,12.00,16716.00,2340.24,14375.76,4179.00,10196.76,'2014-10-01','ACT'),(625,6,3,5,'High',2015.00,260.00,12.00,24180.00,3385.20,20794.80,6045.00,14749.80,'2013-12-01','ACT'),(626,1,5,4,'High',801.00,3.00,300.00,240300.00,33642.00,206658.00,200250.00,6408.00,'2014-07-01','ACT'),(627,1,4,3,'High',1023.00,3.00,125.00,127875.00,17902.50,109972.50,122760.00,12787.50,'2013-09-01','ACT'),(628,1,5,1,'High',1496.00,3.00,300.00,448800.00,62832.00,385968.00,374000.00,11968.00,'2014-10-01','ACT'),(629,1,5,5,'High',1010.00,3.00,300.00,303000.00,42420.00,260580.00,252500.00,8080.00,'2014-10-01','ACT'),(630,1,2,2,'High',1513.00,3.00,15.00,22695.00,3177.30,19517.70,15130.00,4387.70,'2014-11-01','ACT'),(631,1,2,1,'High',2300.00,3.00,15.00,34500.00,4830.00,29670.00,23000.00,6670.00,'2014-12-01','ACT'),(632,1,4,4,'High',2821.00,3.00,125.00,352625.00,49367.50,303257.50,338520.00,35262.50,'2013-12-01','ACT'),(633,2,1,1,'High',2227.50,5.00,350.00,779625.00,109147.50,670477.50,579150.00,91327.50,'2014-01-01','ACT'),(634,2,1,2,'High',1199.00,5.00,350.00,419650.00,58751.00,360899.00,311740.00,49159.00,'2014-04-01','ACT'),(635,2,1,1,'High',200.00,5.00,350.00,70000.00,9800.00,60200.00,52000.00,8200.00,'2014-05-01','ACT'),(636,2,1,1,'High',388.00,5.00,7.00,2716.00,380.24,2335.76,1940.00,395.76,'2014-09-01','ACT'),(637,2,1,4,'High',1727.00,5.00,7.00,12089.00,1692.46,10396.54,8635.00,1761.54,'2013-10-01','ACT'),(638,2,2,1,'High',2300.00,5.00,15.00,34500.00,4830.00,29670.00,23000.00,6670.00,'2014-12-01','ACT'),(639,3,1,4,'High',260.00,10.00,20.00,5200.00,728.00,4472.00,2600.00,1872.00,'2014-02-01','ACT'),(640,3,2,1,'High',2470.00,10.00,15.00,37050.00,5187.00,31863.00,24700.00,7163.00,'2013-09-01','ACT'),(641,3,2,1,'High',1743.00,10.00,15.00,26145.00,3660.30,22484.70,17430.00,5054.70,'2013-10-01','ACT'),(642,3,3,5,'High',2914.00,10.00,12.00,34968.00,4895.52,30072.48,8742.00,21330.48,'2014-10-01','ACT'),(643,3,1,3,'High',1731.00,10.00,7.00,12117.00,1696.38,10420.62,8655.00,1765.62,'2014-10-01','ACT'),(644,3,1,1,'High',700.00,10.00,350.00,245000.00,34300.00,210700.00,182000.00,28700.00,'2014-11-01','ACT'),(645,3,3,1,'High',2222.00,10.00,12.00,26664.00,3732.96,22931.04,6666.00,16265.04,'2013-11-01','ACT'),(646,3,1,5,'High',1177.00,10.00,350.00,411950.00,57673.00,354277.00,306020.00,48257.00,'2014-11-01','ACT'),(647,3,1,3,'High',1922.00,10.00,350.00,672700.00,94178.00,578522.00,499720.00,78802.00,'2013-11-01','ACT'),(648,4,4,4,'High',1575.00,120.00,125.00,196875.00,27562.50,169312.50,189000.00,19687.50,'2014-02-01','ACT'),(649,4,1,5,'High',606.00,120.00,20.00,12120.00,1696.80,10423.20,6060.00,4363.20,'2014-04-01','ACT'),(650,4,5,5,'High',2460.00,120.00,300.00,738000.00,103320.00,634680.00,615000.00,19680.00,'2014-07-01','ACT'),(651,4,5,1,'High',269.00,120.00,300.00,80700.00,11298.00,69402.00,67250.00,2152.00,'2013-10-01','ACT'),(652,4,5,2,'High',2536.00,120.00,300.00,760800.00,106512.00,654288.00,634000.00,20288.00,'2013-11-01','ACT'),(653,5,1,4,'High',2903.00,250.00,7.00,20321.00,2844.94,17476.06,14515.00,2961.06,'2014-03-01','ACT'),(654,5,5,5,'High',2541.00,250.00,300.00,762300.00,106722.00,655578.00,635250.00,20328.00,'2014-08-01','ACT'),(655,5,5,1,'High',269.00,250.00,300.00,80700.00,11298.00,69402.00,67250.00,2152.00,'2013-10-01','ACT'),(656,5,5,1,'High',1496.00,250.00,300.00,448800.00,62832.00,385968.00,374000.00,11968.00,'2014-10-01','ACT'),(657,5,5,5,'High',1010.00,250.00,300.00,303000.00,42420.00,260580.00,252500.00,8080.00,'2014-10-01','ACT'),(658,5,1,3,'High',1281.00,250.00,350.00,448350.00,62769.00,385581.00,333060.00,52521.00,'2013-12-01','ACT'),(659,6,5,1,'High',888.00,260.00,300.00,266400.00,37296.00,229104.00,222000.00,7104.00,'2014-03-01','ACT'),(660,6,4,5,'High',2844.00,260.00,125.00,355500.00,49770.00,305730.00,341280.00,35550.00,'2014-05-01','ACT'),(661,6,3,3,'High',2475.00,260.00,12.00,29700.00,4158.00,25542.00,7425.00,18117.00,'2014-08-01','ACT'),(662,6,2,1,'High',1743.00,260.00,15.00,26145.00,3660.30,22484.70,17430.00,5054.70,'2013-10-01','ACT'),(663,6,3,5,'High',2914.00,260.00,12.00,34968.00,4895.52,30072.48,8742.00,21330.48,'2014-10-01','ACT'),(664,6,1,3,'High',1731.00,260.00,7.00,12117.00,1696.38,10420.62,8655.00,1765.62,'2014-10-01','ACT'),(665,6,1,4,'High',1727.00,260.00,7.00,12089.00,1692.46,10396.54,8635.00,1761.54,'2013-10-01','ACT'),(666,6,2,4,'High',1870.00,260.00,15.00,28050.00,3927.00,24123.00,18700.00,5423.00,'2013-11-01','ACT'),(667,1,4,3,'High',1174.00,3.00,125.00,146750.00,22012.50,124737.50,140880.00,16142.50,'2014-08-01','ACT'),(668,1,4,2,'High',2767.00,3.00,125.00,345875.00,51881.25,293993.75,332040.00,38046.25,'2014-08-01','ACT'),(669,1,4,2,'High',1085.00,3.00,125.00,135625.00,20343.75,115281.25,130200.00,14918.75,'2014-10-01','ACT'),(670,2,5,4,'High',546.00,5.00,300.00,163800.00,24570.00,139230.00,136500.00,2730.00,'2014-10-01','ACT'),(671,3,1,2,'High',1158.00,10.00,20.00,23160.00,3474.00,19686.00,11580.00,8106.00,'2014-03-01','ACT'),(672,3,2,1,'High',1614.00,10.00,15.00,24210.00,3631.50,20578.50,16140.00,4438.50,'2014-04-01','ACT'),(673,3,1,4,'High',2535.00,10.00,7.00,17745.00,2661.75,15083.25,12675.00,2408.25,'2014-04-01','ACT'),(674,3,1,4,'High',2851.00,10.00,350.00,997850.00,149677.50,848172.50,741260.00,106912.50,'2014-05-01','ACT'),(675,3,2,1,'High',2559.00,10.00,15.00,38385.00,5757.75,32627.25,25590.00,7037.25,'2014-08-01','ACT'),(676,3,1,5,'High',267.00,10.00,20.00,5340.00,801.00,4539.00,2670.00,1869.00,'2013-10-01','ACT'),(677,3,4,2,'High',1085.00,10.00,125.00,135625.00,20343.75,115281.25,130200.00,14918.75,'2014-10-01','ACT'),(678,3,2,2,'High',1175.00,10.00,15.00,17625.00,2643.75,14981.25,11750.00,3231.25,'2014-10-01','ACT'),(679,3,1,5,'High',2007.00,10.00,350.00,702450.00,105367.50,597082.50,521820.00,75262.50,'2013-11-01','ACT'),(680,3,1,4,'High',2151.00,10.00,350.00,752850.00,112927.50,639922.50,559260.00,80662.50,'2013-11-01','ACT'),(681,3,3,5,'High',914.00,10.00,12.00,10968.00,1645.20,9322.80,2742.00,6580.80,'2014-12-01','ACT'),(682,3,1,3,'High',293.00,10.00,20.00,5860.00,879.00,4981.00,2930.00,2051.00,'2014-12-01','ACT'),(683,4,3,4,'High',500.00,120.00,12.00,6000.00,900.00,5100.00,1500.00,3600.00,'2014-03-01','ACT'),(684,4,2,3,'High',2826.00,120.00,15.00,42390.00,6358.50,36031.50,28260.00,7771.50,'2014-05-01','ACT'),(685,4,4,3,'High',663.00,120.00,125.00,82875.00,12431.25,70443.75,79560.00,9116.25,'2014-09-01','ACT'),(686,4,5,5,'High',2574.00,120.00,300.00,772200.00,115830.00,656370.00,643500.00,12870.00,'2013-11-01','ACT'),(687,4,4,5,'High',2438.00,120.00,125.00,304750.00,45712.50,259037.50,292560.00,33522.50,'2013-12-01','ACT'),(688,4,3,5,'High',914.00,120.00,12.00,10968.00,1645.20,9322.80,2742.00,6580.80,'2014-12-01','ACT'),(689,5,1,1,'High',865.50,250.00,20.00,17310.00,2596.50,14713.50,8655.00,6058.50,'2014-07-01','ACT'),(690,5,2,2,'High',492.00,250.00,15.00,7380.00,1107.00,6273.00,4920.00,1353.00,'2014-07-01','ACT'),(691,5,1,5,'High',267.00,250.00,20.00,5340.00,801.00,4539.00,2670.00,1869.00,'2013-10-01','ACT'),(692,5,2,2,'High',1175.00,250.00,15.00,17625.00,2643.75,14981.25,11750.00,3231.25,'2014-10-01','ACT'),(693,5,4,1,'High',2954.00,250.00,125.00,369250.00,55387.50,313862.50,354480.00,40617.50,'2013-11-01','ACT'),(694,5,4,2,'High',552.00,250.00,125.00,69000.00,10350.00,58650.00,66240.00,7590.00,'2014-11-01','ACT'),(695,5,1,3,'High',293.00,250.00,20.00,5860.00,879.00,4981.00,2930.00,2051.00,'2014-12-01','ACT'),(696,6,5,3,'High',2475.00,260.00,300.00,742500.00,111375.00,631125.00,618750.00,12375.00,'2014-03-01','ACT'),(697,6,5,4,'High',546.00,260.00,300.00,163800.00,24570.00,139230.00,136500.00,2730.00,'2014-10-01','ACT'),(698,2,1,4,'High',1368.00,5.00,7.00,9576.00,1436.40,8139.60,6840.00,1299.60,'2014-02-01','ACT'),(699,3,1,1,'High',723.00,10.00,7.00,5061.00,759.15,4301.85,3615.00,686.85,'2014-04-01','ACT'),(700,5,3,5,'High',1806.00,250.00,12.00,21672.00,3250.80,18421.20,5418.00,13003.20,'2014-05-01','ACT');
/*!40000 ALTER TABLE `product_detail` ENABLE KEYS */;
UNLOCK TABLES;

--
-- Table structure for table `segment`
--

DROP TABLE IF EXISTS `segment`;
/*!40101 SET @saved_cs_client     = @@character_set_client */;
/*!50503 SET character_set_client = utf8mb4 */;
CREATE TABLE `segment` (
  `segment_id` int unsigned NOT NULL AUTO_INCREMENT,
  `name` varchar(255) DEFAULT NULL,
  `status` varchar(3) NOT NULL DEFAULT 'ACT',
  PRIMARY KEY (`segment_id`)
) ENGINE=InnoDB AUTO_INCREMENT=6 DEFAULT CHARSET=utf8mb4 COLLATE=utf8mb4_0900_ai_ci;
/*!40101 SET character_set_client = @saved_cs_client */;

--
-- Dumping data for table `segment`
--

LOCK TABLES `segment` WRITE;
/*!40000 ALTER TABLE `segment` DISABLE KEYS */;
INSERT INTO `segment` VALUES (1,'Government','ACT'),(2,'Midmarket','ACT'),(3,'Channel Partners','ACT'),(4,'Enterprise','ACT'),(5,'Small Business','ACT');
/*!40000 ALTER TABLE `segment` ENABLE KEYS */;
UNLOCK TABLES;
/*!40103 SET TIME_ZONE=@OLD_TIME_ZONE */;

/*!40101 SET SQL_MODE=@OLD_SQL_MODE */;
/*!40014 SET FOREIGN_KEY_CHECKS=@OLD_FOREIGN_KEY_CHECKS */;
/*!40014 SET UNIQUE_CHECKS=@OLD_UNIQUE_CHECKS */;
/*!40101 SET CHARACTER_SET_CLIENT=@OLD_CHARACTER_SET_CLIENT */;
/*!40101 SET CHARACTER_SET_RESULTS=@OLD_CHARACTER_SET_RESULTS */;
/*!40101 SET COLLATION_CONNECTION=@OLD_COLLATION_CONNECTION */;
/*!40111 SET SQL_NOTES=@OLD_SQL_NOTES */;

-- Dump completed on 2022-10-04  0:35:36
